,public_date,gicdesc,NFIRM,indret_ew,indret_vw,dpr_Median,PEG_trailing_Median,bm_Median,CAPEI_Median,divyield_Median,evm_Median,pcf_Median,pe_exi_Median,pe_inc_Median,pe_op_basic_Median,pe_op_dil_Median,ps_Median,ptb_Median,efftax_Median,GProf_Median,aftret_eq_Median,aftret_equity_Median,aftret_invcapx_Median,gpm_Median,npm_Median,opmad_Median,opmbd_Median,pretret_earnat_Median,pretret_noa_Median,ptpm_Median,roa_Median,roce_Median,roe_Median,capital_ratio_Median,equity_invcap_Median,debt_invcap_Median,totdebt_invcap_Median,invt_act_Median,rect_act_Median,fcf_ocf_Median,ocf_lct_Median,cash_debt_Median,cash_lt_Median,cfm_Median,short_debt_Median,profit_lct_Median,curr_debt_Median,debt_ebitda_Median,dltt_be_Median,int_debt_Median,int_totdebt_Median,lt_debt_Median,lt_ppent_Median,de_ratio_Median,debt_assets_Median,debt_at_Median,debt_capital_Median,intcov_Median,intcov_ratio_Median,cash_conversion_Median,cash_ratio_Median,curr_ratio_Median,quick_ratio_Median,at_turn_Median,inv_turn_Median,pay_turn_Median,rect_turn_Median,sale_equity_Median,sale_invcap_Median,sale_nwc_Median,accrual_Median,rd_sale_Median,adv_sale_Median,staff_sale_Median,PEG_1yrforward_Median,PEG_ltgforward_Median
3,19990630,Financials,1112,0.02398,0.032879,0,0.575,0.692,18.62,2.27,10.276,3.332,12.671,12.665,12.192,12.807,1.798,1.536,0.347,0.047,0.117,0.116,0,0.49,0.112,0.257,0.289,0.143,0.252,0.168,0.03,0.112,0.116,0.327,0.673,0.328,0.528,0,0.354,0.904,0.265,0.028,0.067,0.149,0.247,0.457,0.667,3.084,0.469,0.089,0.074,0.076,53.858,8.298,0.892,0.119,0.891,2.164,3.04,275.45,0.563,1.887,1.668,0.093,10.387,0.064,0.161,1,0.592,5.002,0,0,0,0.164,0.689,1.036
13,19990731,Financials,1104,-0.004042,-0.056236,0,0.558,0.693,18.486,2.33,10.265,3.203,12.5,12.5,12.071,12.633,1.774,1.489,0.347,0.046,0.117,0.117,0,0.489,0.111,0.255,0.288,0.142,0.287,0.167,0.03,0.111,0.116,0.327,0.672,0.328,0.534,0,0.355,0.907,0.265,0.027,0.067,0.148,0.253,0.457,0.665,3.105,0.472,0.09,0.074,0.076,53.8,8.29,0.892,0.121,0.891,2.079,2.926,278.465,0.563,1.887,1.668,0.093,9.759,0.064,0.161,0.999,0.592,5.019,0,0,0,0.165,0.663,1.012
23,19990831,Financials,1103,-0.042096,-0.051938,0,0.598,0.651,17.38,2.4,10.29,2.405,12.033,11.993,11.905,12.32,1.673,1.42,0.347,0.046,0.117,0.116,0,0.494,0.112,0.257,0.29,0.123,0.26,0.168,0.029,0.108,0.113,0.338,0.658,0.342,0.559,0.006,0.39,0.899,0.239,0.026,0.061,0.149,0.243,0.456,0.624,3.328,0.508,0.089,0.073,0.08,54.754,8.297,0.892,0.126,0.892,2.131,2.786,258.438,0.499,1.581,1.454,0.09,10.243,0.062,0.157,0.984,0.581,4.942,-0.004,0,0,0.167,0.581,0.947
33,19990930,Financials,1115,-0.034189,-0.051316,0,0.535,0.647,16.847,2.47,10.28,2.268,11.469,11.382,11.158,11.628,1.604,1.369,0.347,0.046,0.117,0.117,0,0.494,0.112,0.257,0.29,0.127,0.269,0.168,0.029,0.109,0.113,0.337,0.659,0.341,0.559,0.006,0.387,0.906,0.245,0.026,0.061,0.149,0.244,0.463,0.63,3.291,0.501,0.089,0.073,0.08,54.754,8.226,0.891,0.125,0.891,2.152,2.819,266.137,0.495,1.58,1.526,0.091,10.339,0.062,0.157,0.98,0.581,5.209,-0.004,0,0,0.167,0.569,0.922
43,19991031,Financials,1105,0.018402,0.146552,0,0.547,0.65,17.205,2.46,10.264,2.372,11.715,11.547,11.264,11.859,1.637,1.368,0.346,0.046,0.116,0.116,0,0.494,0.112,0.257,0.289,0.127,0.269,0.168,0.029,0.109,0.112,0.337,0.659,0.34,0.558,0,0.37,0.899,0.245,0.026,0.062,0.149,0.242,0.463,0.63,3.22,0.5,0.089,0.073,0.08,54.653,8.187,0.891,0.125,0.89,2.136,2.822,261.269,0.516,1.602,1.565,0.091,9.891,0.062,0.158,0.98,0.579,5.311,-0.004,0,0,0.167,0.536,0.981
53,19991130,Financials,1095,-0.001552,-0.041106,0,0.456,0.729,16.435,2.53,10.549,1.878,11.042,10.938,10.698,11.001,1.504,1.328,0.345,0.046,0.114,0.114,0,0.499,0.111,0.26,0.29,0.13,0.23,0.167,0.029,0.11,0.111,0.352,0.652,0.354,0.585,0,0.37,0.908,0.247,0.022,0.058,0.149,0.259,0.455,0.559,3.617,0.534,0.089,0.073,0.085,54.426,8.354,0.893,0.134,0.892,2.039,2.532,280.795,0.503,1.6,1.508,0.091,10.511,0.06,0.157,1.007,0.574,5.319,-0.005,0,0,0.168,0.505,0.914
63,19991231,Financials,1160,-0.021854,-0.019233,0,0.442,0.732,15.553,2.74,10.48,1.83,10.417,10.387,10.156,10.377,1.449,1.284,0.345,0.047,0.114,0.114,0,0.499,0.112,0.261,0.291,0.103,0.23,0.167,0.029,0.11,0.112,0.353,0.651,0.355,0.589,0,0.334,0.904,0.251,0.022,0.058,0.15,0.259,0.483,0.57,3.564,0.537,0.088,0.073,0.085,54.228,8.354,0.893,0.134,0.892,2.091,2.617,288.88,0.542,1.622,1.514,0.091,10.697,0.06,0.157,1.007,0.574,5.464,-0.005,0,0,0.168,0.437,0.894
73,20000131,Financials,1156,-0.025071,-0.041818,0,0.412,0.734,14.667,2.93,10.464,1.777,9.893,9.828,9.614,9.836,1.36,1.223,0.344,0.047,0.114,0.114,0,0.498,0.112,0.261,0.291,0.102,0.229,0.167,0.029,0.11,0.112,0.354,0.651,0.357,0.588,0,0.344,0.904,0.209,0.022,0.058,0.15,0.256,0.475,0.578,3.552,0.54,0.088,0.073,0.085,54.265,8.298,0.892,0.133,0.891,2.091,2.6,288.88,0.529,1.597,1.5,0.092,10.619,0.06,0.158,1.007,0.574,5.499,-0.005,0,0,0.167,0.484,0.829
83,20000229,Financials,1159,-0.019323,-0.095176,0.208,0.605,0.76,13.685,3.11,10.896,-0.401,10.994,10.919,10.606,10.893,1.319,1.189,0.342,0.044,0.112,0.112,0,0.504,0.112,0.256,0.289,0.137,0.222,0.168,0.027,0.1,0.112,0.339,0.66,0.336,0.668,0,0.302,0.898,0.241,-0.003,0.056,0.149,0.416,0.412,0.651,4.513,0.508,0.096,0.074,0.076,54.563,8.679,0.897,0.141,0.896,2.034,2.447,309.266,0.623,1.532,1.452,0.087,11.206,0.057,0.148,0.972,0.56,3.564,-0.011,0,0,0.17,0.803,0.926
93,20000331,Financials,1137,0.017846,0.17461,0.211,0.636,0.76,13.776,3.14,10.884,-0.364,10.883,10.879,10.527,10.773,1.324,1.176,0.342,0.043,0.113,0.112,0,0.504,0.112,0.256,0.289,0.152,0.318,0.168,0.027,0.1,0.113,0.338,0.662,0.334,0.672,0,0.321,0.896,0.241,-0.003,0.055,0.149,0.417,0.411,0.671,4.478,0.505,0.096,0.074,0.075,54.693,8.774,0.898,0.141,0.897,2.066,2.54,296.02,0.65,1.521,1.436,0.087,11,0.057,0.148,0.976,0.565,4.399,-0.012,0,0,0.171,0.871,1.003
103,20000430,Financials,1130,-0.016093,-0.036393,0.214,0.624,0.76,13.627,3.15,10.834,-0.383,11.015,10.938,10.62,10.842,1.325,1.195,0.342,0.044,0.114,0.113,0,0.505,0.112,0.257,0.289,0.137,0.222,0.169,0.027,0.1,0.113,0.337,0.663,0.334,0.673,0,0.327,0.896,0.236,-0.003,0.055,0.149,0.421,0.412,0.671,4.513,0.505,0.097,0.074,0.075,54.845,8.855,0.899,0.142,0.897,2.063,2.532,279.463,0.661,1.53,1.42,0.087,11.206,0.057,0.148,0.976,0.564,4.485,-0.012,0,0,0.171,0.834,0.979
113,20000531,Financials,1132,-0.00101,0.050938,0,0.409,0.851,13.472,3.15,10.331,1.511,9.498,9.418,9.247,9.452,1.261,1.156,0.342,0.045,0.112,0.112,0,0.5,0.112,0.256,0.287,0.128,0.178,0.167,0.028,0.096,0.11,0.375,0.633,0.388,0.646,0,0.332,0.897,0.303,-0.006,0.053,0.146,0.26,0.459,0.645,4.148,0.601,0.09,0.074,0.089,54.966,8.858,0.899,0.139,0.897,2.048,2.716,273.144,0.613,1.637,1.497,0.087,16.737,0.059,0.147,1.016,0.556,5.188,-0.004,0,0,0.171,0.564,0.792
123,20000630,Financials,1128,0.008552,-0.048073,0,0.411,0.858,13.114,3.24,10.328,1.536,9.345,9.345,9.114,9.293,1.26,1.155,0.341,0.045,0.113,0.113,0,0.501,0.112,0.256,0.287,0.143,0.203,0.167,0.027,0.096,0.111,0.371,0.637,0.387,0.64,0,0.373,0.899,0.307,-0.006,0.052,0.146,0.265,0.52,0.657,4.125,0.598,0.09,0.073,0.088,55.195,8.876,0.899,0.137,0.897,2.054,2.724,276.503,0.606,1.655,1.589,0.087,16.859,0.059,0.146,1.014,0.554,4.787,-0.004,0,0,0.171,0.553,0.752
133,20000731,Financials,1118,0.031347,0.09195,0,0.428,0.859,13.739,3.15,10.342,1.702,9.649,9.649,9.429,9.611,1.303,1.171,0.341,0.044,0.113,0.113,0,0.501,0.112,0.257,0.287,0.143,0.203,0.167,0.027,0.096,0.112,0.369,0.637,0.386,0.639,0,0.401,0.9,0.302,-0.006,0.052,0.146,0.27,0.52,0.657,4.158,0.585,0.091,0.074,0.088,55.195,8.908,0.899,0.136,0.897,2.063,2.781,272.516,0.58,1.653,1.545,0.087,16.737,0.059,0.146,1.013,0.555,5.003,-0.004,0,0,0.171,0.57,0.792
143,20000831,Financials,1124,0.042189,0.09748,0,0.467,0.871,13.762,3.07,10.163,2.227,9.918,9.843,9.732,9.896,1.31,1.182,0.34,0.044,0.11,0.11,0,0.494,0.109,0.248,0.277,0.131,0.188,0.162,0.026,0.091,0.108,0.373,0.636,0.379,0.678,0,0.417,0.903,0.259,-0.01,0.051,0.145,0.303,0.443,0.605,4.397,0.596,0.093,0.076,0.087,55.569,9.146,0.901,0.14,0.9,1.989,2.443,267.789,0.591,1.53,1.414,0.088,18.297,0.062,0.147,1.031,0.565,5.377,0.001,0,0,0.171,0.539,0.841
153,20000930,Financials,1118,0.025648,0.026776,0,0.465,0.871,14.323,3.03,10.17,2.337,10.011,10,9.89,10.044,1.36,1.2,0.34,0.044,0.11,0.11,0,0.494,0.109,0.248,0.278,0.131,0.188,0.163,0.026,0.091,0.108,0.373,0.635,0.382,0.68,0,0.417,0.904,0.263,-0.01,0.051,0.145,0.301,0.443,0.593,4.41,0.6,0.093,0.076,0.087,55.614,9.15,0.901,0.141,0.9,1.99,2.454,267.789,0.586,1.522,1.438,0.088,18.353,0.062,0.147,1.03,0.565,5.377,0.001,0,0,0.171,0.539,0.898
163,20001031,Financials,1114,-0.013428,-0.005728,0,0.457,0.872,14.24,3.06,10.14,2.249,9.866,9.835,9.672,9.81,1.319,1.177,0.34,0.044,0.111,0.111,0,0.494,0.109,0.249,0.278,0.119,0.154,0.163,0.026,0.091,0.109,0.373,0.635,0.382,0.68,0,0.323,0.904,0.221,-0.01,0.051,0.146,0.304,0.443,0.593,4.41,0.6,0.093,0.076,0.087,56.146,9.15,0.901,0.14,0.9,1.987,2.421,271.643,0.597,1.522,1.438,0.088,18.353,0.062,0.146,1.029,0.564,5.323,0.001,0,0,0.172,0.541,0.921
173,20001130,Financials,1108,-0.025369,-0.05135,0,0.525,0.853,13.758,3.1,9.906,2.833,9.082,9.062,8.996,9.205,1.189,1.119,0.34,0.045,0.114,0.114,0,0.48,0.106,0.243,0.267,0.11,0.137,0.156,0.027,0.094,0.106,0.377,0.643,0.39,0.677,0,0.32,0.905,0.279,-0.007,0.05,0.14,0.293,0.432,0.565,4.122,0.606,0.096,0.079,0.085,55.806,9.255,0.902,0.14,0.901,1.974,2.449,261.624,0.597,1.619,1.491,0.091,20.297,0.067,0.152,1.098,0.607,5.545,0.004,0,0,0.171,0.452,0.887
183,20001231,Financials,1099,0.054305,0.100185,0,0.532,0.86,14.592,2.99,9.812,3.016,9.347,9.327,9.321,9.466,1.26,1.165,0.34,0.045,0.114,0.115,0,0.481,0.106,0.244,0.269,0.12,0.137,0.156,0.028,0.094,0.106,0.374,0.644,0.387,0.676,0,0.35,0.906,0.317,-0.006,0.05,0.14,0.3,0.457,0.571,4.119,0.601,0.096,0.079,0.084,55.86,9.29,0.902,0.137,0.901,1.976,2.546,259.905,0.557,1.478,1.433,0.091,20.422,0.067,0.152,1.097,0.607,6.073,0.004,0,0,0.171,0.496,1.005
193,20010131,Financials,1086,0.096457,-0.00413,0,0.563,0.863,15.326,2.82,9.722,3.426,10.11,10.106,9.947,10.144,1.342,1.25,0.34,0.046,0.114,0.114,0,0.482,0.106,0.244,0.269,0.115,0.136,0.155,0.028,0.094,0.106,0.372,0.645,0.383,0.676,0,0.364,0.902,0.312,-0.006,0.05,0.14,0.301,0.432,0.591,4.092,0.591,0.097,0.079,0.084,55.806,9.29,0.902,0.137,0.902,1.97,2.452,250.391,0.546,1.476,1.39,0.091,20.556,0.067,0.152,1.096,0.607,5.725,0.004,0,0,0.171,0.544,0.961
203,20010228,Financials,1081,0.001511,-0.058874,0.214,0.841,0.894,14.7,2.82,10.448,2.565,12.083,12.116,11.928,12.173,1.346,1.2,0.338,0.041,0.103,0.103,0,0.465,0.101,0.232,0.261,0.106,0.171,0.151,0.025,0.087,0.102,0.338,0.642,0.335,0.665,0,0.367,0.911,0.197,0.024,0.055,0.135,0.373,0.392,0.536,4.445,0.516,0.113,0.083,0.075,56.718,9.148,0.901,0.131,0.901,1.617,1.913,251.238,0.489,1.526,1.375,0.09,17.317,0.067,0.144,0.991,0.584,4.694,0.013,0,0,0.163,1.067,1.181
213,20010331,Financials,1076,0.002222,-0.03104,0.213,0.835,0.894,14.867,2.85,10.32,2.498,12.145,12.145,11.934,12.269,1.34,1.207,0.338,0.041,0.103,0.103,0,0.465,0.101,0.232,0.26,0.089,0.155,0.151,0.025,0.087,0.103,0.335,0.644,0.334,0.663,0,0.365,0.911,0.197,0.024,0.055,0.135,0.373,0.392,0.556,4.412,0.508,0.113,0.083,0.073,56.741,9.178,0.902,0.131,0.901,1.617,1.913,258.934,0.489,1.493,1.33,0.09,17.474,0.067,0.144,0.992,0.585,5.052,0.014,0,0,0.163,1.049,1.181
223,20010430,Financials,1067,0.025934,0.039791,0.215,0.841,0.893,15.157,2.78,10.3,2.59,12.5,12.5,12.163,12.5,1.378,1.228,0.338,0.041,0.104,0.104,0,0.467,0.101,0.232,0.26,0.113,0.197,0.151,0.025,0.088,0.103,0.335,0.643,0.334,0.666,0,0.352,0.91,0.192,0.024,0.055,0.135,0.376,0.386,0.569,4.383,0.509,0.113,0.083,0.073,56.703,9.243,0.902,0.13,0.901,1.648,1.973,269.951,0.471,1.398,1.304,0.09,17.569,0.067,0.144,0.997,0.586,5.445,0.014,0,0,0.163,1.02,1.262
233,20010531,Financials,1068,0.059691,0.039447,0,0.682,0.829,15.471,2.65,10.001,2.869,10.924,10.97,10.854,10.985,1.411,1.259,0.338,0.042,0.103,0.103,0,0.463,0.098,0.227,0.254,0.126,0.199,0.145,0.025,0.088,0.103,0.38,0.63,0.386,0.657,0,0.349,0.905,0.244,0.026,0.056,0.132,0.272,0.457,0.614,4.212,0.615,0.099,0.083,0.085,55.923,9.296,0.903,0.133,0.902,1.678,2.078,250.508,0.569,1.397,1.32,0.089,17.207,0.071,0.142,1.036,0.592,6.197,0.019,0,0,0.163,0.803,1.07
243,20010630,Financials,1061,0.040841,0.003336,0,0.732,0.827,16.218,2.54,10.047,2.922,11.296,11.298,11.125,11.384,1.462,1.328,0.338,0.042,0.104,0.104,0,0.464,0.098,0.228,0.254,0.119,0.183,0.145,0.025,0.088,0.103,0.383,0.629,0.389,0.66,0,0.339,0.906,0.279,0.027,0.056,0.132,0.272,0.472,0.658,4.32,0.621,0.098,0.083,0.085,56.021,9.309,0.903,0.134,0.902,1.722,2.14,254.947,0.625,1.398,1.345,0.089,17.207,0.071,0.142,1.032,0.589,6.197,0.02,0,0,0.163,0.815,1.092
253,20010731,Financials,1055,0.031901,-0.008617,0,0.737,0.826,16.886,2.49,10.019,3.095,11.935,11.934,11.688,11.944,1.528,1.354,0.338,0.042,0.105,0.105,0,0.465,0.099,0.23,0.255,0.126,0.157,0.146,0.025,0.089,0.104,0.379,0.632,0.384,0.661,0,0.32,0.906,0.32,0.027,0.056,0.133,0.275,0.477,0.664,4.32,0.608,0.097,0.083,0.084,56.085,9.343,0.903,0.132,0.902,1.745,2.197,250.508,0.627,1.471,1.393,0.089,16.643,0.07,0.142,1.036,0.593,6.348,0.019,0,0,0.163,0.761,1.128
263,20010831,Financials,1050,-0.001194,-0.054425,0,0.719,0.754,16.292,2.53,10.464,2.924,11.741,11.772,11.4,11.676,1.505,1.37,0.337,0.043,0.104,0.103,0,0.465,0.098,0.225,0.255,0.128,0.18,0.148,0.025,0.089,0.103,0.375,0.629,0.381,0.657,0,0.311,0.927,0.304,0.031,0.061,0.134,0.252,0.401,0.515,4.444,0.604,0.092,0.08,0.087,56.958,9.267,0.903,0.129,0.901,1.772,2.088,267.789,0.614,1.449,1.286,0.089,15.651,0.069,0.14,1.025,0.58,6.124,0.022,0,0,0.163,0.678,1.106
273,20010930,Financials,1046,-0.045057,-0.053849,0,0.679,0.751,15.444,2.64,10.49,2.779,11.101,11.112,10.817,11.076,1.442,1.312,0.337,0.043,0.104,0.103,0,0.466,0.099,0.225,0.256,0.128,0.18,0.148,0.025,0.089,0.103,0.373,0.63,0.381,0.654,0,0.33,0.928,0.304,0.031,0.061,0.133,0.251,0.401,0.515,4.42,0.601,0.092,0.08,0.085,56.587,9.267,0.903,0.128,0.901,1.798,2.088,269.235,0.614,1.486,1.286,0.089,15.509,0.069,0.139,1.025,0.584,6.124,0.022,0,0,0.163,0.637,1.079
283,20011031,Financials,1042,-0.000411,-0.014849,0,0.664,0.753,15.146,2.64,10.554,2.731,11.152,11.04,10.816,11.028,1.457,1.321,0.337,0.043,0.104,0.104,0,0.465,0.099,0.225,0.255,0.128,0.18,0.148,0.025,0.089,0.103,0.372,0.631,0.381,0.656,0,0.311,0.928,0.304,0.031,0.061,0.133,0.25,0.401,0.515,4.42,0.597,0.092,0.08,0.083,56.587,9.289,0.903,0.129,0.901,1.823,2.11,267.789,0.614,1.486,1.286,0.089,15.546,0.069,0.139,1.026,0.584,6.124,0.023,0,0,0.163,0.549,1.039
293,20011130,Financials,1032,0.038967,0.065347,0,0.69,0.779,15.329,2.6,10.44,2.789,11.464,11.413,11.143,11.372,1.495,1.316,0.336,0.042,0.104,0.103,0,0.477,0.101,0.233,0.261,0.095,0.193,0.151,0.025,0.088,0.102,0.385,0.623,0.394,0.647,0,0.304,0.921,0.258,0.034,0.064,0.136,0.236,0.411,0.508,4.38,0.625,0.09,0.077,0.09,56.612,9.332,0.903,0.128,0.901,1.658,1.942,296.064,0.556,1.465,1.327,0.087,13.936,0.068,0.137,0.998,0.571,5.845,0.023,0,0,0.164,0.487,1.067
303,20011231,Financials,1027,0.033995,0.029736,0,0.698,0.779,15.798,2.55,10.47,2.822,11.637,11.633,11.419,11.637,1.512,1.366,0.336,0.042,0.104,0.104,0,0.476,0.101,0.232,0.26,0.089,0.147,0.151,0.025,0.088,0.102,0.385,0.624,0.395,0.647,0,0.281,0.924,0.177,0.034,0.063,0.136,0.239,0.407,0.512,4.457,0.624,0.089,0.076,0.09,56.79,9.313,0.902,0.128,0.901,1.656,1.917,299.704,0.69,1.537,1.397,0.087,13.902,0.068,0.137,0.998,0.57,5.451,0.023,0,0,0.164,0.508,1.119
313,20020131,Financials,1012,0.029154,-0.012115,0,0.711,0.778,16.009,2.51,10.592,2.848,11.966,11.956,11.649,11.866,1.525,1.415,0.336,0.042,0.104,0.104,0,0.477,0.101,0.233,0.262,0.101,0.238,0.151,0.025,0.088,0.103,0.388,0.623,0.396,0.65,0,0.276,0.921,0.235,0.034,0.063,0.136,0.241,0.416,0.512,4.463,0.625,0.09,0.077,0.091,56.923,9.322,0.902,0.133,0.901,1.7,1.964,296.064,0.69,1.537,1.397,0.087,13.936,0.067,0.137,1.002,0.57,5.451,0.024,0,0,0.163,0.523,1.113
323,20020228,Financials,1011,0.007702,-0.011389,0.227,0.857,0.728,16.096,2.48,11.681,2.5,13.578,13.605,13.323,13.617,1.579,1.417,0.337,0.041,0.104,0.104,0,0.494,0.105,0.24,0.272,0.108,0.188,0.156,0.024,0.085,0.103,0.405,0.587,0.408,0.664,0,0.302,0.932,0.209,0.035,0.064,0.141,0.261,0.293,0.631,5.109,0.682,0.093,0.069,0.093,58.546,9.526,0.905,0.142,0.904,1.685,1.886,293.274,0.459,1.373,1.109,0.085,9.409,0.068,0.134,0.948,0.515,5.176,0.021,0,0,0.174,0.992,1.443
333,20020331,Financials,1006,0.054245,0.061361,0.233,0.906,0.726,17.101,2.4,11.737,2.69,14.219,14.307,13.971,14.247,1.673,1.487,0.337,0.041,0.104,0.104,0,0.494,0.105,0.241,0.273,0.11,0.251,0.157,0.024,0.086,0.103,0.403,0.589,0.405,0.661,0,0.308,0.932,0.209,0.034,0.064,0.141,0.261,0.293,0.631,5.013,0.675,0.093,0.069,0.092,58.314,9.528,0.905,0.141,0.904,1.695,1.945,293.274,0.454,1.373,1.109,0.085,9.353,0.068,0.134,0.947,0.515,5.209,0.021,0,0,0.174,1.022,1.517
343,20020430,Financials,997,0.05462,-0.014304,0.234,0.959,0.726,17.815,2.25,11.738,2.847,15.077,15.187,14.794,15.08,1.746,1.578,0.336,0.041,0.104,0.104,0,0.495,0.106,0.241,0.273,0.11,0.251,0.157,0.024,0.086,0.103,0.403,0.59,0.404,0.657,0,0.308,0.932,0.209,0.035,0.064,0.142,0.26,0.293,0.631,5.005,0.669,0.093,0.069,0.093,58.314,9.532,0.905,0.14,0.904,1.747,2.02,292.2,0.454,1.373,1.109,0.085,9.336,0.068,0.134,0.947,0.515,5.209,0.021,0,0,0.174,1.016,1.554
353,20020531,Financials,995,0.016925,0.000107,0,0.703,0.678,17.549,2.29,11.256,3.142,12.818,12.504,12.61,12.798,1.771,1.558,0.336,0.043,0.105,0.105,0,0.515,0.112,0.253,0.287,0.136,0.306,0.168,0.025,0.088,0.105,0.409,0.597,0.414,0.654,0,0.307,0.932,0.255,0.034,0.065,0.147,0.222,0.385,0.532,4.649,0.692,0.083,0.064,0.099,57.993,9.461,0.904,0.135,0.903,1.794,2.122,280.601,0.516,1.547,1.478,0.081,9.437,0.054,0.128,0.938,0.511,5.411,0.01,0,0,0.175,0.688,1.255
363,20020630,Financials,992,-0.006493,-0.045317,0,0.679,0.678,17.567,2.29,11.284,3.112,13.066,12.764,12.682,13.066,1.779,1.557,0.335,0.043,0.105,0.105,0,0.515,0.113,0.254,0.287,0.135,0.284,0.168,0.025,0.088,0.105,0.408,0.597,0.412,0.656,0,0.295,0.935,0.255,0.034,0.065,0.147,0.222,0.385,0.532,4.665,0.691,0.083,0.064,0.098,58.119,9.464,0.904,0.135,0.903,1.77,2.115,265.725,0.516,1.547,1.49,0.081,9.595,0.054,0.128,0.938,0.509,5.153,0.01,0,0,0.175,0.679,1.258
373,20020731,Financials,989,-0.064407,-0.068018,0,0.665,0.678,16.499,2.4,11.269,2.985,12.222,11.966,11.979,12.222,1.725,1.454,0.335,0.043,0.105,0.105,0,0.515,0.113,0.255,0.287,0.135,0.284,0.168,0.025,0.088,0.105,0.408,0.6,0.411,0.655,0,0.295,0.935,0.255,0.034,0.065,0.147,0.223,0.385,0.532,4.652,0.689,0.083,0.063,0.096,58.106,9.454,0.904,0.134,0.903,1.794,2.122,258.865,0.516,1.547,1.49,0.081,9.627,0.054,0.128,0.936,0.509,5.153,0.01,0,0,0.175,0.587,1.143
383,20020831,Financials,986,0.021248,0.02298,0,0.684,0.654,16.501,2.37,11.45,3.424,12.222,11.955,12.097,12.329,1.761,1.438,0.334,0.043,0.108,0.108,0,0.54,0.118,0.263,0.302,0.094,0.216,0.174,0.025,0.087,0.107,0.418,0.583,0.425,0.654,0,0.306,0.938,0.326,0.032,0.066,0.151,0.201,0.34,0.523,4.845,0.717,0.08,0.061,0.099,58.219,9.459,0.904,0.133,0.903,1.923,2.183,273.053,0.463,1.492,1.479,0.078,8.665,0.05,0.124,0.895,0.477,5.091,0.014,0,0,0.175,0.553,1.222
393,20020930,Financials,982,-0.035834,-0.1049,0,0.655,0.656,15.935,2.51,11.435,3.324,11.713,11.417,11.516,11.809,1.733,1.372,0.334,0.043,0.108,0.108,0,0.541,0.118,0.264,0.302,0.083,0.21,0.175,0.025,0.087,0.107,0.418,0.583,0.423,0.65,0,0.334,0.94,0.336,0.032,0.066,0.152,0.2,0.358,0.523,4.829,0.717,0.08,0.061,0.098,58.219,9.434,0.904,0.132,0.903,1.919,2.191,275.547,0.466,1.508,1.479,0.078,8.614,0.05,0.124,0.895,0.476,4.507,0.014,0,0,0.175,0.517,1.128
403,20021031,Financials,977,0.017079,0.076508,0,0.661,0.657,16.385,2.44,11.435,3.283,11.788,11.578,11.692,11.822,1.78,1.391,0.334,0.044,0.108,0.108,0,0.541,0.118,0.265,0.303,0.101,0.21,0.175,0.025,0.088,0.107,0.419,0.583,0.425,0.65,0,0.304,0.941,0.341,0.032,0.066,0.152,0.198,0.372,0.523,4.889,0.724,0.079,0.061,0.098,58.329,9.462,0.904,0.131,0.903,2.073,2.311,281.941,0.518,1.508,1.479,0.078,8.569,0.05,0.124,0.895,0.473,4.414,0.013,0,0,0.176,0.522,1.142
413,20021130,Financials,978,0.039608,0.035053,0,0.63,0.742,16.314,2.36,11.451,3.157,11.754,11.717,11.729,11.934,1.811,1.4,0.334,0.044,0.112,0.112,0,0.56,0.125,0.278,0.315,0.101,0.212,0.185,0.026,0.092,0.112,0.42,0.586,0.425,0.653,0,0.312,0.949,0.378,0.031,0.067,0.157,0.193,0.383,0.558,4.842,0.715,0.075,0.06,0.099,59.194,9.41,0.904,0.135,0.903,2.216,2.421,287.546,0.483,1.574,1.443,0.076,7.068,0.05,0.121,0.871,0.453,4.507,0.014,0,0,0.179,0.448,1.194
423,20021231,Financials,981,0.003262,-0.044063,0,0.652,0.742,16.253,2.42,11.381,3.104,11.779,11.713,11.558,11.772,1.847,1.403,0.334,0.044,0.112,0.113,0,0.562,0.125,0.278,0.315,0.108,0.228,0.186,0.026,0.093,0.112,0.42,0.586,0.425,0.653,0,0.313,0.949,0.404,0.031,0.067,0.157,0.193,0.446,0.571,4.832,0.715,0.075,0.06,0.097,59.194,9.435,0.904,0.134,0.903,2.293,2.487,287.546,0.479,1.495,1.356,0.076,7.141,0.05,0.121,0.873,0.458,4.681,0.014,0,0,0.18,0.449,1.194
433,20030131,Financials,975,0.018256,-0.017783,0,0.667,0.744,16.482,2.42,11.358,3.188,11.945,11.848,11.646,11.951,1.884,1.444,0.334,0.044,0.112,0.112,0,0.561,0.125,0.278,0.315,0.101,0.212,0.186,0.026,0.092,0.112,0.421,0.585,0.428,0.653,0,0.312,0.949,0.378,0.031,0.067,0.157,0.192,0.383,0.586,4.843,0.725,0.075,0.06,0.098,59.194,9.432,0.904,0.135,0.903,2.271,2.474,283.498,0.483,1.574,1.383,0.076,7.068,0.05,0.122,0.876,0.457,4.681,0.014,0,0,0.18,0.483,1.163
443,20030228,Financials,980,0.001544,-0.031438,0.205,0.714,0.73,16.337,2.45,11.656,3.06,13.406,13.308,13.157,13.403,1.86,1.382,0.328,0.043,0.115,0.115,0,0.582,0.133,0.292,0.328,0.106,0.257,0.197,0.025,0.089,0.114,0.406,0.587,0.409,0.647,0,0.293,0.953,0.313,0.026,0.066,0.167,0.262,0.389,0.62,4.934,0.694,0.076,0.056,0.093,59.978,9.396,0.904,0.138,0.903,2.397,3.01,258.343,0.458,1.42,1.368,0.074,5.347,0.049,0.12,0.831,0.437,4.353,0.013,0,0,0.201,1.187,1.244
453,20030331,Financials,974,0.010063,-0.001603,0.209,0.71,0.726,16.322,2.44,11.6,2.985,13.449,13.405,13.214,13.471,1.88,1.4,0.328,0.043,0.114,0.114,0,0.583,0.134,0.292,0.328,0.107,0.301,0.197,0.025,0.089,0.113,0.406,0.588,0.409,0.647,0,0.293,0.953,0.317,0.026,0.066,0.167,0.27,0.392,0.578,4.871,0.692,0.077,0.057,0.092,60.363,9.405,0.904,0.137,0.903,2.391,3,258.343,0.458,1.473,1.381,0.074,5.403,0.048,0.12,0.83,0.437,4.762,0.013,0,0,0.201,1.139,1.236
463,20030430,Financials,976,0.07536,0.11381,0.207,0.765,0.728,17.54,2.35,11.607,3.262,14.196,14.104,13.884,14.186,2.017,1.51,0.328,0.043,0.115,0.115,0,0.583,0.134,0.292,0.328,0.107,0.301,0.197,0.025,0.089,0.113,0.406,0.588,0.409,0.647,0,0.293,0.952,0.317,0.026,0.066,0.167,0.27,0.392,0.578,4.871,0.692,0.076,0.057,0.092,60.215,9.405,0.904,0.137,0.903,2.385,2.99,272.931,0.465,1.473,1.381,0.074,5.358,0.048,0.12,0.831,0.437,4.762,0.012,0,0,0.201,1.192,1.32
473,20030531,Financials,970,0.068831,0.054295,0,0.703,0.725,17.944,2.26,11.309,3.584,12.821,12.762,12.683,12.941,2.108,1.566,0.328,0.044,0.116,0.116,0,0.596,0.137,0.301,0.335,0.143,0.513,0.203,0.026,0.093,0.116,0.433,0.575,0.434,0.648,0,0.335,0.949,0.372,0.026,0.065,0.17,0.182,0.371,0.552,4.819,0.762,0.071,0.056,0.1,59.72,9.407,0.904,0.133,0.903,2.396,3.066,271.295,0.468,1.5,1.415,0.072,5.767,0.046,0.118,0.835,0.428,4.824,0.014,0,0,0.202,0.87,1.224
483,20030630,Financials,969,0.02868,0.004818,0,0.71,0.725,18.133,2.28,11.308,3.696,12.795,12.719,12.636,12.87,2.14,1.593,0.328,0.044,0.116,0.117,0,0.595,0.137,0.301,0.335,0.143,0.505,0.204,0.026,0.093,0.116,0.432,0.576,0.434,0.648,0,0.34,0.949,0.372,0.025,0.065,0.17,0.191,0.371,0.552,4.83,0.76,0.071,0.056,0.1,59.746,9.411,0.904,0.134,0.903,2.42,3.08,272.009,0.468,1.5,1.415,0.072,5.788,0.046,0.118,0.835,0.429,4.691,0.014,0,0,0.202,0.87,1.219
493,20030731,Financials,966,0.05527,0.045756,0,0.732,0.723,18.843,2.21,11.275,3.858,13.451,13.303,13.226,13.558,2.242,1.676,0.328,0.044,0.116,0.117,0,0.596,0.137,0.3,0.335,0.132,0.479,0.203,0.026,0.093,0.116,0.435,0.574,0.438,0.649,0,0.353,0.948,0.41,0.026,0.065,0.171,0.189,0.388,0.56,4.853,0.766,0.071,0.057,0.1,59.746,9.428,0.904,0.135,0.903,2.445,3.098,271.835,0.483,1.534,1.502,0.072,5.713,0.046,0.118,0.836,0.43,4.691,0.013,0,0,0.202,0.905,1.32
503,20030831,Financials,958,0.02191,-0.003843,0,0.723,0.644,19.078,2.18,11.249,3.64,13.599,13.519,13.271,13.586,2.256,1.647,0.327,0.044,0.117,0.117,0,0.616,0.14,0.305,0.341,0.165,0.449,0.209,0.026,0.093,0.117,0.429,0.581,0.431,0.643,0,0.383,0.949,0.365,0.026,0.065,0.174,0.19,0.455,0.595,4.869,0.755,0.071,0.056,0.098,61.075,9.463,0.904,0.134,0.903,2.638,3.513,282.167,0.661,1.599,1.57,0.07,4.587,0.047,0.117,0.819,0.428,4.155,0.013,0,0,0.205,0.753,1.322
513,20030930,Financials,958,0.017604,0.006246,0,0.74,0.642,19.228,2.23,11.226,3.731,13.63,13.531,13.409,13.636,2.261,1.668,0.327,0.044,0.117,0.117,0,0.617,0.14,0.306,0.341,0.165,0.449,0.21,0.026,0.094,0.117,0.429,0.581,0.431,0.643,0,0.383,0.949,0.347,0.026,0.065,0.174,0.188,0.463,0.579,4.826,0.755,0.071,0.056,0.098,61.3,9.47,0.905,0.134,0.903,2.702,3.576,282.167,0.519,1.56,1.495,0.07,4.587,0.047,0.117,0.818,0.428,4.155,0.012,0,0,0.205,0.739,1.301
523,20031031,Financials,961,0.065558,0.071383,0,0.775,0.64,20.336,2.11,11.227,3.958,14.486,14.387,14.119,14.409,2.396,1.791,0.327,0.044,0.117,0.117,0,0.617,0.141,0.306,0.342,0.165,0.449,0.21,0.026,0.094,0.117,0.43,0.58,0.431,0.644,0,0.383,0.948,0.347,0.026,0.065,0.175,0.189,0.463,0.579,4.819,0.756,0.071,0.056,0.098,61.125,9.454,0.904,0.134,0.903,2.727,3.576,282.167,0.519,1.56,1.495,0.07,4.496,0.047,0.117,0.817,0.429,4.155,0.012,0,0,0.205,0.802,1.406
533,20031130,Financials,955,0.034945,0.006303,0,0.795,0.604,20.679,2.05,11.421,3.159,14.793,14.728,14.437,14.75,2.463,1.804,0.327,0.044,0.117,0.117,0,0.632,0.144,0.314,0.349,0.209,0.421,0.212,0.026,0.095,0.116,0.436,0.573,0.441,0.646,0,0.343,0.952,0.459,0.024,0.061,0.18,0.193,0.582,0.561,4.819,0.77,0.066,0.054,0.099,61.728,9.429,0.904,0.135,0.903,3.215,3.957,245.281,0.562,1.444,1.431,0.069,4.035,0.036,0.114,0.8,0.418,4.45,0.002,0,0,0.207,0.679,1.433
543,20031231,Financials,956,0.026844,0.04168,0,0.803,0.603,21.007,2.04,11.419,3.236,14.972,14.808,14.555,14.925,2.549,1.856,0.327,0.044,0.117,0.117,0,0.632,0.142,0.314,0.35,0.212,0.428,0.212,0.026,0.095,0.116,0.435,0.575,0.44,0.647,0,0.302,0.952,0.464,0.025,0.062,0.18,0.181,0.606,0.591,4.819,0.77,0.067,0.054,0.099,60.995,9.412,0.904,0.135,0.903,3.207,4.004,232.48,0.754,1.68,1.68,0.069,4.094,0.036,0.114,0.804,0.418,4.45,0.003,0,0,0.208,0.661,1.458
553,20040131,Financials,950,0.03726,0.032991,0,0.823,0.603,21.383,2.01,11.424,3.448,15.317,15.195,14.849,15.235,2.617,1.917,0.326,0.044,0.117,0.117,0,0.63,0.142,0.313,0.349,0.212,0.428,0.211,0.026,0.095,0.116,0.437,0.574,0.441,0.646,0,0.313,0.949,0.468,0.025,0.062,0.179,0.176,0.642,0.55,4.832,0.77,0.067,0.054,0.1,61.17,9.401,0.904,0.135,0.903,3.207,3.843,233.427,0.754,1.68,1.68,0.069,3.945,0.036,0.114,0.807,0.418,4.48,0.003,0,0,0.208,0.703,1.45
563,20040229,Financials,951,0.020909,0.029402,0.228,0.944,0.556,21.062,2.04,13.189,2.248,17.014,16.912,16.421,16.908,2.657,1.877,0.325,0.043,0.115,0.116,0,0.645,0.145,0.315,0.352,0.187,0.451,0.214,0.026,0.091,0.115,0.438,0.558,0.442,0.669,0,0.249,0.951,0.505,0.01,0.052,0.183,0.263,0.707,0.52,5.215,0.772,0.069,0.054,0.1,60.312,9.361,0.903,0.14,0.902,4.038,5.403,237.399,0.761,1.826,1.614,0.068,4.143,0.029,0.11,0.755,0.388,3.105,-0.003,0,0.001,0.228,1.275,1.564
573,20040331,Financials,955,0.004912,-0.008766,0.229,0.924,0.554,20.987,2.08,13.194,2.264,16.802,16.646,16.192,16.664,2.677,1.891,0.325,0.043,0.115,0.116,0,0.644,0.145,0.314,0.352,0.187,0.451,0.214,0.026,0.092,0.115,0.435,0.56,0.437,0.669,0,0.249,0.949,0.507,0.01,0.052,0.183,0.269,0.695,0.52,5.187,0.757,0.069,0.055,0.098,60.049,9.326,0.903,0.141,0.902,4.057,5.316,239.881,0.687,1.826,1.568,0.068,4.139,0.03,0.11,0.757,0.39,3.105,-0.004,0,0.001,0.228,1.245,1.535
583,20040430,Financials,947,-0.041306,-0.047052,0.228,0.871,0.554,20.228,2.16,13.189,2.135,16.169,16.073,15.698,16.094,2.551,1.812,0.325,0.043,0.116,0.116,0,0.644,0.145,0.314,0.352,0.187,0.451,0.213,0.026,0.092,0.115,0.43,0.565,0.431,0.668,0,0.264,0.947,0.477,0.01,0.052,0.183,0.273,0.695,0.52,5.104,0.751,0.069,0.055,0.098,59.718,9.315,0.903,0.14,0.902,4.012,5.149,234.654,0.687,1.826,1.568,0.068,4.168,0.03,0.11,0.758,0.391,3.105,-0.004,0,0,0.227,1.192,1.456
593,20040531,Financials,943,0.004659,0.017028,0.083,0.812,0.548,20.086,2.19,12.545,3.355,14.328,14.296,14.083,14.343,2.554,1.748,0.325,0.044,0.12,0.12,0,0.65,0.148,0.319,0.352,0.236,0.525,0.215,0.026,0.095,0.119,0.444,0.565,0.454,0.647,0,0.272,0.948,0.478,0.01,0.056,0.186,0.188,0.67,0.564,4.872,0.792,0.067,0.054,0.103,60.238,9.324,0.903,0.134,0.902,4.596,5.539,225.56,0.783,1.899,1.67,0.065,4.213,0.029,0.107,0.76,0.386,4.004,0.001,0,0,0.229,0.862,1.321
603,20040630,Financials,941,0.018701,0.005967,0.083,0.815,0.548,20.185,2.21,12.479,3.458,14.497,14.409,14.216,14.46,2.596,1.777,0.325,0.044,0.12,0.12,0,0.651,0.148,0.319,0.352,0.212,0.5,0.215,0.026,0.095,0.119,0.442,0.566,0.452,0.645,0,0.26,0.949,0.541,0.01,0.056,0.187,0.187,0.667,0.552,4.834,0.788,0.067,0.053,0.102,60.143,9.315,0.903,0.133,0.902,4.58,5.508,224.419,0.793,2.029,1.679,0.065,4.209,0.029,0.108,0.759,0.388,3.875,0.001,0,0,0.229,0.879,1.346
613,20040731,Financials,930,-0.01726,-0.020407,0.083,0.808,0.549,19.947,2.24,12.45,3.349,14.316,14.213,13.912,14.283,2.57,1.775,0.325,0.044,0.12,0.12,0,0.651,0.148,0.319,0.352,0.212,0.5,0.215,0.026,0.095,0.119,0.441,0.572,0.451,0.638,0,0.235,0.949,0.541,0.01,0.057,0.187,0.188,0.667,0.576,4.775,0.783,0.067,0.053,0.102,59.789,9.267,0.903,0.133,0.901,4.618,5.551,216.277,0.793,1.769,1.661,0.066,4.139,0.029,0.108,0.759,0.391,4.004,0.001,0,0,0.229,0.852,1.314
623,20040831,Financials,926,0.018526,0.032364,0.161,0.82,0.561,19.994,2.22,12.946,3.098,14.725,14.69,14.369,14.694,2.6,1.791,0.325,0.044,0.118,0.118,0,0.659,0.148,0.323,0.358,0.181,0.499,0.219,0.026,0.096,0.116,0.446,0.565,0.453,0.644,0,0.245,0.942,0.469,0.011,0.053,0.187,0.202,0.657,0.532,4.887,0.8,0.065,0.054,0.102,60.034,9.315,0.903,0.136,0.902,5.145,6.039,200.233,0.936,2.003,1.892,0.064,5.003,0.026,0.105,0.745,0.387,4.174,-0.003,0,0,0.23,0.73,1.374
633,20040930,Financials,921,0.028791,-0.002309,0.161,0.839,0.561,20.469,2.14,12.906,3.279,14.913,14.892,14.634,14.912,2.679,1.833,0.325,0.044,0.119,0.119,0,0.659,0.148,0.323,0.358,0.19,0.514,0.218,0.026,0.097,0.117,0.444,0.565,0.453,0.644,0,0.253,0.94,0.501,0.011,0.053,0.187,0.202,0.687,0.531,4.882,0.8,0.065,0.053,0.102,58.619,9.327,0.903,0.135,0.902,5.24,6.066,188.415,0.82,2.005,1.947,0.064,4.972,0.026,0.105,0.746,0.389,3.759,-0.002,0,0,0.231,0.78,1.395
643,20041031,Financials,917,0.023589,0.007125,0.16,0.861,0.561,21.234,2.09,12.876,3.456,15.273,15.196,15.02,15.33,2.767,1.903,0.326,0.044,0.119,0.119,0,0.656,0.148,0.323,0.357,0.209,0.539,0.219,0.026,0.097,0.118,0.443,0.569,0.452,0.643,0,0.265,0.94,0.525,0.011,0.053,0.187,0.204,0.687,0.532,4.858,0.789,0.064,0.052,0.101,58.516,9.35,0.903,0.135,0.902,5.352,6.116,188.415,0.738,2.008,1.892,0.064,4.991,0.026,0.105,0.747,0.389,3.966,-0.002,0,0,0.231,0.795,1.422
653,20041130,Financials,914,0.056291,0.034879,0.217,0.993,0.576,21.626,2.02,13.171,4.745,15.943,15.813,15.724,16.098,2.855,1.878,0.325,0.044,0.119,0.118,0,0.659,0.148,0.326,0.36,0.2,0.512,0.216,0.026,0.095,0.117,0.449,0.568,0.456,0.648,0,0.266,0.934,0.418,0.012,0.05,0.188,0.193,0.691,0.547,5.042,0.812,0.063,0.052,0.104,58.7,9.299,0.903,0.139,0.902,5.444,6.824,172.99,1.045,1.934,1.625,0.063,6.078,0.028,0.103,0.735,0.379,3.855,0.002,0,0,0.231,0.804,1.47
663,20041231,Financials,918,0.027229,0.039884,0.218,1.034,0.573,21.917,2.02,13.121,4.804,15.996,15.946,15.923,16.347,2.896,1.936,0.324,0.044,0.119,0.118,0,0.659,0.147,0.324,0.359,0.194,0.512,0.214,0.026,0.095,0.117,0.453,0.567,0.459,0.651,0,0.245,0.933,0.418,0.012,0.051,0.187,0.194,0.676,0.548,5.042,0.822,0.064,0.054,0.104,58.543,9.297,0.903,0.138,0.902,5.228,6.649,203.011,1.051,1.934,1.625,0.063,6.079,0.028,0.103,0.733,0.378,3.254,0.002,0,0.001,0.232,0.802,1.485
673,20050131,Financials,908,-0.02101,-0.021892,0.218,0.988,0.574,21.334,2.08,13.05,4.795,15.631,15.595,15.479,15.872,2.834,1.894,0.324,0.044,0.119,0.119,0,0.661,0.148,0.326,0.36,0.191,0.5,0.216,0.026,0.095,0.118,0.45,0.567,0.456,0.648,0,0.225,0.934,0.424,0.012,0.051,0.188,0.194,0.665,0.549,4.988,0.818,0.064,0.054,0.103,58.385,9.278,0.903,0.136,0.902,5.265,6.565,212.786,1.132,2.037,1.78,0.063,6.181,0.028,0.103,0.734,0.378,3.67,0.002,0,0.001,0.232,0.879,1.42
683,20050228,Financials,912,0.001763,-0.004383,0.269,0.973,0.537,20.462,2.11,14.401,10.728,16.716,16.705,16.028,16.63,2.733,1.81,0.321,0.042,0.115,0.115,0,0.661,0.148,0.324,0.355,0.174,0.482,0.22,0.025,0.092,0.113,0.395,0.604,0.395,0.69,0,0.304,0.879,0.468,0.016,0.046,0.188,0.319,0.601,0.584,5.304,0.65,0.068,0.055,0.088,57.744,9.103,0.901,0.139,0.9,5.515,8.028,194.517,1.401,2.831,2.174,0.064,6.032,0.03,0.102,0.709,0.372,3.095,0.005,0,0.005,0.238,1.176,1.487
693,20050331,Financials,910,-0.023498,-0.035835,0.269,0.92,0.534,20.158,2.19,14.37,10.547,16.184,16.145,15.792,16.18,2.669,1.754,0.321,0.042,0.115,0.115,0,0.66,0.148,0.324,0.356,0.174,0.482,0.219,0.026,0.092,0.114,0.393,0.605,0.394,0.689,0,0.305,0.879,0.466,0.016,0.046,0.188,0.32,0.559,0.579,5.25,0.648,0.068,0.055,0.089,57.709,9.067,0.901,0.139,0.9,5.535,8.108,194.789,1.406,2.887,2.503,0.064,5.817,0.03,0.103,0.712,0.376,3,0.005,0,0.005,0.238,1.134,1.443
703,20050430,Financials,910,-0.029401,-0.008937,0.269,0.905,0.532,19.518,2.27,14.353,10.33,15.679,15.641,15.309,15.68,2.608,1.712,0.322,0.042,0.116,0.116,0,0.661,0.148,0.324,0.356,0.171,0.44,0.22,0.026,0.094,0.114,0.388,0.608,0.393,0.684,0,0.304,0.879,0.468,0.016,0.046,0.188,0.321,0.556,0.573,5.194,0.633,0.068,0.055,0.087,58.073,9.136,0.901,0.136,0.9,5.594,8.252,194.789,1.34,2.831,2.174,0.064,5.814,0.03,0.103,0.713,0.378,2.866,0.005,0,0.006,0.238,1.076,1.428
713,20050531,Financials,908,0.030739,0.030025,0.281,0.842,0.567,19.984,2.25,13.131,10.901,14.97,14.967,14.668,15,2.598,1.728,0.322,0.043,0.119,0.119,0,0.654,0.149,0.321,0.353,0.168,0.369,0.219,0.026,0.095,0.118,0.431,0.592,0.441,0.657,0,0.234,0.873,0.424,0.016,0.048,0.188,0.213,0.548,0.602,5.072,0.751,0.065,0.054,0.101,59.127,9.218,0.902,0.136,0.901,5.842,8.289,207.39,1.322,2.66,2.093,0.063,6.218,0.029,0.101,0.742,0.388,2.61,0.005,0,0.005,0.238,0.93,1.362
723,20050630,Financials,912,0.031198,0.019408,0.28,0.902,0.568,20.351,2.16,13.149,11.044,15.257,15.239,15,15.339,2.652,1.799,0.322,0.043,0.119,0.119,0,0.654,0.149,0.32,0.353,0.161,0.365,0.219,0.026,0.094,0.118,0.427,0.593,0.44,0.656,0,0.226,0.873,0.439,0.016,0.048,0.187,0.214,0.546,0.605,5.025,0.744,0.065,0.054,0.1,59.137,9.217,0.902,0.136,0.901,5.842,8.289,192.197,1.326,2.743,2.214,0.063,6.136,0.029,0.101,0.743,0.388,2.593,0.005,0,0.005,0.239,0.936,1.387
733,20050731,Financials,910,0.041408,0.019118,0.279,0.945,0.568,21.21,2.1,13.149,11.303,15.747,15.777,15.537,15.87,2.783,1.876,0.323,0.043,0.119,0.119,0,0.654,0.148,0.32,0.353,0.168,0.369,0.218,0.026,0.095,0.118,0.427,0.593,0.441,0.659,0,0.243,0.873,0.409,0.016,0.048,0.188,0.214,0.546,0.605,5.051,0.744,0.065,0.054,0.1,59.076,9.218,0.902,0.136,0.901,5.915,8.295,192.197,1.297,2.577,2.129,0.063,6.145,0.029,0.101,0.743,0.389,2.593,0.005,0,0.005,0.239,0.931,1.454
743,20050831,Financials,914,-0.012868,-0.016513,0.277,0.965,0.582,20.319,2.18,13.095,11.308,15.217,15.17,14.949,15.278,2.658,1.756,0.322,0.043,0.121,0.12,0,0.646,0.149,0.32,0.351,0.152,0.266,0.216,0.026,0.098,0.121,0.433,0.595,0.443,0.649,0,0.25,0.869,0.36,0.016,0.048,0.187,0.211,0.544,0.606,4.909,0.757,0.065,0.055,0.1,58.657,9.162,0.901,0.138,0.9,6.021,8.271,183.252,1.236,2.555,2.137,0.064,6.394,0.032,0.102,0.753,0.398,2.605,0.004,0,0.006,0.24,0.826,1.416
753,20050930,Financials,917,0.000853,0.008232,0.27,0.967,0.581,20.299,2.21,13.029,11.192,15.136,15.129,14.933,15.223,2.61,1.742,0.323,0.043,0.121,0.121,0,0.647,0.149,0.32,0.353,0.151,0.251,0.216,0.026,0.098,0.121,0.429,0.596,0.44,0.644,0,0.25,0.869,0.36,0.016,0.048,0.186,0.208,0.544,0.606,4.857,0.75,0.066,0.055,0.099,58.766,9.19,0.902,0.134,0.901,6.021,8.271,183.252,1.236,2.555,2.137,0.064,6.346,0.032,0.102,0.754,0.398,2.698,0.004,0,0.006,0.24,0.809,1.393
763,20051031,Financials,917,-0.000239,0.028261,0.27,0.965,0.581,20.496,2.21,12.994,11.142,15.068,15.237,14.912,15.068,2.608,1.73,0.323,0.043,0.121,0.121,0,0.647,0.149,0.319,0.352,0.152,0.266,0.216,0.026,0.098,0.121,0.428,0.596,0.438,0.641,0,0.252,0.87,0.365,0.016,0.048,0.186,0.207,0.579,0.592,4.831,0.75,0.066,0.055,0.099,58.888,9.162,0.901,0.134,0.9,6.343,8.684,193.541,1.273,2.64,2.11,0.064,6.353,0.032,0.102,0.753,0.4,2.683,0.004,0,0.006,0.24,0.771,1.425
773,20051130,Financials,919,0.031665,0.045742,0.277,0.99,0.582,20.674,2.14,12.998,11.209,15.599,15.496,15.231,15.542,2.564,1.743,0.323,0.044,0.118,0.118,0,0.634,0.146,0.317,0.344,0.139,0.301,0.211,0.026,0.098,0.118,0.419,0.601,0.428,0.638,0,0.27,0.875,0.459,0.016,0.048,0.182,0.207,0.599,0.576,4.816,0.711,0.068,0.056,0.098,58.112,9.181,0.902,0.133,0.9,5.751,7.784,197.63,1.229,2.432,2.148,0.066,6.591,0.034,0.103,0.77,0.415,2.807,0.004,0,0.006,0.24,0.707,1.449
783,20051231,Financials,922,0.00142,0.000522,0.276,0.992,0.582,20.687,2.23,12.97,11.22,15.308,15.292,14.903,15.257,2.55,1.768,0.323,0.043,0.118,0.118,0,0.633,0.146,0.316,0.345,0.151,0.313,0.21,0.026,0.098,0.118,0.419,0.602,0.428,0.637,0,0.277,0.87,0.459,0.016,0.047,0.181,0.211,0.602,0.597,4.714,0.711,0.068,0.056,0.097,58.039,9.195,0.902,0.131,0.901,5.801,7.801,176.249,1.229,2.264,2.11,0.066,6.736,0.034,0.103,0.77,0.411,2.986,0.004,0,0.006,0.241,0.717,1.429
793,20060131,Financials,919,0.032811,0.014054,0.274,0.985,0.581,21.323,2.18,12.971,11.539,15.676,15.577,15.402,15.56,2.603,1.823,0.324,0.043,0.119,0.118,0,0.632,0.146,0.316,0.345,0.145,0.307,0.21,0.026,0.098,0.118,0.417,0.602,0.426,0.636,0,0.279,0.87,0.434,0.016,0.048,0.181,0.209,0.634,0.581,4.702,0.709,0.068,0.056,0.097,58.112,9.192,0.902,0.131,0.9,5.785,7.795,167.067,1.149,2.381,2.074,0.066,6.775,0.034,0.103,0.773,0.415,3.085,0.004,0,0.006,0.24,0.765,1.454
803,20060228,Financials,916,0.00965,0.016744,0.272,1.098,0.587,20.192,2.17,13.426,11.31,16.313,16.305,15.924,16.308,2.539,1.757,0.327,0.043,0.117,0.117,0,0.619,0.144,0.308,0.338,0.18,0.338,0.206,0.026,0.097,0.116,0.358,0.633,0.363,0.65,0,0.287,0.869,0.457,0.017,0.05,0.18,0.356,0.672,0.6,4.729,0.556,0.073,0.058,0.079,58.318,9.095,0.9,0.124,0.9,5.899,7.7,195.436,1.003,1.912,1.817,0.069,7.22,0.035,0.105,0.774,0.421,3.014,0.005,0,0.006,0.222,1.266,1.508
813,20060331,Financials,912,0.028037,0.008221,0.272,1.11,0.587,20.87,2.15,13.419,11.575,16.553,16.518,16.22,16.601,2.57,1.816,0.327,0.043,0.117,0.117,0,0.619,0.144,0.306,0.336,0.183,0.329,0.206,0.026,0.097,0.116,0.357,0.637,0.357,0.649,0,0.284,0.869,0.512,0.017,0.05,0.179,0.36,0.727,0.606,4.729,0.553,0.074,0.058,0.079,58.136,9.095,0.9,0.123,0.899,5.93,8.008,201.287,1.017,2.081,1.835,0.069,7.22,0.035,0.105,0.774,0.422,2.956,0.005,0,0.006,0.222,1.29,1.567
823,20060430,Financials,908,0.004263,0.035108,0.272,1.133,0.588,20.661,2.19,13.412,11.516,16.373,16.335,16.047,16.452,2.611,1.802,0.326,0.043,0.117,0.117,0,0.619,0.144,0.307,0.337,0.185,0.338,0.206,0.026,0.097,0.116,0.357,0.636,0.357,0.652,0,0.283,0.869,0.518,0.017,0.05,0.18,0.36,0.671,0.618,4.767,0.555,0.074,0.058,0.079,58.303,9.091,0.9,0.124,0.899,5.93,8.008,201.287,1.01,1.996,1.873,0.069,7.22,0.035,0.105,0.775,0.424,2.881,0.005,0,0.006,0.222,1.268,1.568
833,20060531,Financials,907,-0.013102,-0.03327,0.28,1.049,0.565,20.525,2.22,12.875,11.351,15.366,15.291,15.036,15.335,2.452,1.771,0.326,0.044,0.119,0.118,0,0.603,0.141,0.302,0.33,0.189,0.346,0.207,0.026,0.098,0.119,0.403,0.617,0.409,0.627,0,0.285,0.862,0.463,0.017,0.05,0.175,0.221,0.681,0.582,4.413,0.659,0.073,0.061,0.092,56.932,9.077,0.9,0.128,0.898,5.528,7.349,180.943,1.006,2.08,1.884,0.069,8.336,0.036,0.105,0.808,0.439,2.892,0.004,0,0.006,0.222,1.006,1.497
843,20060630,Financials,907,0.008148,-0.005301,0.279,1.037,0.565,20.79,2.22,12.875,11.454,15.521,15.468,15.29,15.552,2.439,1.777,0.326,0.044,0.118,0.118,0,0.603,0.14,0.301,0.328,0.188,0.32,0.205,0.026,0.098,0.118,0.403,0.615,0.409,0.628,0,0.254,0.861,0.463,0.017,0.05,0.174,0.225,0.66,0.582,4.415,0.659,0.073,0.06,0.092,56.88,9.09,0.9,0.128,0.899,5.52,7.378,180.036,1.025,2.08,1.884,0.069,8.497,0.036,0.105,0.812,0.44,2.92,0.004,0,0.006,0.221,1.007,1.5
853,20060731,Financials,907,-0.003366,0.016303,0.273,1.058,0.563,20.79,2.2,12.833,11.389,15.46,15.428,15.187,15.464,2.452,1.759,0.326,0.044,0.119,0.119,0,0.602,0.14,0.301,0.329,0.191,0.32,0.205,0.026,0.098,0.119,0.403,0.613,0.411,0.631,0,0.265,0.859,0.48,0.017,0.05,0.174,0.224,0.681,0.581,4.462,0.665,0.073,0.061,0.092,56.932,9.096,0.9,0.128,0.899,5.528,7.408,180.943,1.025,2.08,1.884,0.069,8.327,0.036,0.105,0.815,0.442,2.969,0.004,0,0.006,0.221,0.972,1.5
863,20060831,Financials,910,0.01357,0.01298,0.284,1.107,0.572,20.516,2.2,12.79,11.372,15.481,15.367,15.44,15.734,2.381,1.759,0.327,0.044,0.12,0.119,0,0.588,0.136,0.291,0.321,0.183,0.357,0.198,0.026,0.098,0.119,0.396,0.613,0.402,0.636,0,0.255,0.858,0.483,0.017,0.05,0.17,0.221,0.728,0.581,4.523,0.65,0.074,0.062,0.092,56.823,9.106,0.9,0.125,0.899,5.341,7.2,194.49,1.071,2.09,1.847,0.072,8.895,0.039,0.107,0.837,0.45,3.053,0.004,0,0.006,0.221,0.86,1.492
873,20060930,Financials,915,0.017768,0.038322,0.282,1.127,0.57,20.969,2.2,12.787,11.549,15.665,15.545,15.458,15.819,2.407,1.775,0.327,0.044,0.119,0.119,0,0.588,0.136,0.291,0.32,0.18,0.353,0.198,0.026,0.097,0.119,0.398,0.612,0.404,0.633,0,0.269,0.858,0.454,0.017,0.05,0.17,0.218,0.681,0.581,4.549,0.66,0.074,0.062,0.092,56.72,9.1,0.9,0.126,0.899,5.341,7.2,195.304,1.071,2.09,1.847,0.072,8.856,0.039,0.106,0.836,0.448,3.022,0.004,0,0.006,0.222,0.812,1.512
883,20061031,Financials,910,0.022965,0.024963,0.283,1.123,0.572,21.249,2.17,12.771,11.724,15.936,15.834,15.758,16.003,2.448,1.802,0.327,0.044,0.119,0.119,0,0.588,0.135,0.291,0.32,0.185,0.353,0.198,0.026,0.098,0.119,0.396,0.614,0.402,0.632,0,0.282,0.858,0.454,0.017,0.05,0.17,0.221,0.681,0.588,4.504,0.65,0.074,0.062,0.091,56.405,9.106,0.9,0.125,0.899,5.428,7.296,194.922,0.909,2.09,1.838,0.072,8.851,0.039,0.106,0.837,0.448,2.991,0.004,0,0.006,0.222,0.791,1.534
893,20061130,Financials,907,0.014675,0.008321,0.284,1.088,0.595,20.959,2.15,12.821,12.173,16.16,16.104,15.941,16.224,2.315,1.724,0.327,0.044,0.12,0.12,0,0.568,0.133,0.284,0.308,0.193,0.332,0.192,0.026,0.1,0.119,0.397,0.619,0.412,0.632,0,0.279,0.862,0.513,0.017,0.049,0.166,0.234,0.681,0.566,4.498,0.649,0.074,0.063,0.093,56.953,8.982,0.899,0.123,0.898,5.648,7.732,185.972,0.967,2.133,2.015,0.073,9.502,0.042,0.108,0.85,0.455,3.122,0.004,0,0.006,0.221,0.778,1.546
903,20061231,Financials,905,0.015656,0.036437,0.282,1.133,0.596,21.34,2.15,12.803,12.386,16.183,16.007,15.98,16.255,2.395,1.761,0.327,0.044,0.12,0.12,0,0.566,0.132,0.284,0.308,0.206,0.353,0.191,0.025,0.1,0.119,0.395,0.619,0.409,0.63,0,0.262,0.861,0.5,0.017,0.049,0.165,0.232,0.681,0.573,4.454,0.649,0.074,0.063,0.092,56.779,9,0.899,0.122,0.898,5.636,7.725,186.844,1.136,2.133,2.015,0.073,9.502,0.042,0.108,0.85,0.456,2.999,0.004,0,0.006,0.221,0.757,1.574
913,20070131,Financials,905,-6.80E-05,0.004999,0.279,1.12,0.596,21.024,2.19,12.788,12.308,15.98,15.887,15.768,16.089,2.371,1.766,0.327,0.044,0.121,0.121,0,0.565,0.132,0.284,0.308,0.204,0.353,0.192,0.026,0.1,0.119,0.392,0.619,0.409,0.63,0,0.257,0.86,0.522,0.017,0.049,0.165,0.232,0.739,0.573,4.446,0.649,0.075,0.063,0.092,56.564,8.982,0.899,0.123,0.898,5.646,7.718,186.844,1.159,2.246,2.074,0.073,9.412,0.042,0.108,0.85,0.457,2.999,0.004,0,0.006,0.221,0.741,1.504
923,20070228,Financials,899,-0.013249,-0.028516,0.292,1.11,0.588,19.655,2.26,13.195,12.09,15.93,15.912,15.657,15.981,2.202,1.647,0.325,0.043,0.114,0.114,0,0.547,0.127,0.27,0.295,0.167,0.316,0.184,0.025,0.096,0.112,0.345,0.653,0.344,0.628,0,0.298,0.844,0.363,0.015,0.051,0.157,0.35,0.602,0.531,4.512,0.522,0.081,0.066,0.077,55.356,8.659,0.896,0.119,0.895,5.711,7.502,197.419,1.004,2.142,2.142,0.076,9.953,0.047,0.112,0.827,0.459,2.902,0.003,0,0.007,0.203,1.328,1.52
933,20070331,Financials,903,-0.01146,-0.004493,0.288,1.101,0.587,19.095,2.3,13.141,12.025,15.732,15.712,15.436,15.716,2.19,1.645,0.325,0.043,0.114,0.114,0,0.546,0.126,0.268,0.294,0.162,0.312,0.184,0.025,0.095,0.112,0.346,0.652,0.346,0.627,0,0.289,0.842,0.33,0.015,0.051,0.157,0.35,0.578,0.577,4.512,0.523,0.082,0.066,0.079,55.794,8.63,0.896,0.12,0.895,5.712,7.485,198.15,0.984,1.926,1.926,0.076,9.94,0.047,0.112,0.827,0.459,2.902,0.003,0,0.007,0.203,1.249,1.492
943,20070430,Financials,892,-0.006512,0.034584,0.287,1.074,0.586,18.989,2.34,13.149,11.824,15.35,15.333,15.041,15.371,2.158,1.631,0.324,0.043,0.115,0.115,0,0.547,0.127,0.27,0.295,0.157,0.316,0.184,0.025,0.095,0.113,0.346,0.652,0.345,0.627,0,0.278,0.845,0.363,0.015,0.051,0.157,0.35,0.578,0.616,4.525,0.523,0.083,0.067,0.078,55.575,8.659,0.896,0.12,0.895,5.712,7.485,198.88,1.023,2.411,1.932,0.076,9.921,0.047,0.112,0.827,0.459,2.88,0.003,0,0.007,0.203,1.092,1.442
953,20070531,Financials,891,0.012618,0.025262,0.301,1.228,0.617,19.2,2.31,12.688,11.764,15.775,15.679,15.563,15.817,2.113,1.614,0.324,0.043,0.111,0.111,0,0.534,0.119,0.259,0.285,0.201,0.307,0.178,0.025,0.095,0.109,0.392,0.629,0.398,0.626,0,0.257,0.836,0.475,0.015,0.05,0.151,0.245,0.597,0.611,4.497,0.65,0.078,0.064,0.092,55.851,8.764,0.897,0.121,0.896,5.298,7.245,176.512,1.128,2.142,1.932,0.076,9.63,0.048,0.111,0.868,0.478,2.858,0.003,0,0.007,0.203,0.752,1.54
963,20070630,Financials,891,-0.018711,-0.035421,0.298,1.207,0.615,18.514,2.41,12.688,11.55,15.257,15.071,15.046,15.409,2.057,1.586,0.324,0.043,0.111,0.111,0,0.533,0.119,0.259,0.285,0.207,0.315,0.177,0.025,0.094,0.109,0.392,0.628,0.399,0.626,0,0.268,0.835,0.477,0.015,0.05,0.15,0.242,0.599,0.605,4.508,0.648,0.078,0.064,0.092,55.818,8.817,0.897,0.121,0.896,5.304,7.246,175.218,1.114,2.08,1.942,0.076,9.467,0.048,0.11,0.867,0.479,2.89,0.003,0,0.007,0.203,0.69,1.48
973,20070731,Financials,887,-0.076981,-0.075262,0.298,1.1,0.619,17.159,2.6,12.678,10.568,14.347,14.099,14.045,14.356,1.874,1.443,0.324,0.043,0.11,0.111,0,0.533,0.119,0.258,0.284,0.201,0.307,0.177,0.025,0.094,0.109,0.392,0.628,0.399,0.628,0,0.268,0.835,0.477,0.015,0.05,0.15,0.248,0.597,0.593,4.508,0.648,0.078,0.065,0.091,55.88,8.823,0.898,0.122,0.897,5.019,7.039,184.607,1.072,2.08,1.844,0.076,9.201,0.048,0.11,0.863,0.478,2.89,0.003,0,0.007,0.203,0.612,1.378
983,20070831,Financials,883,0.016084,0.016882,0.312,1.132,0.636,16.901,2.58,12.741,11.063,14.663,14.628,14.438,14.761,1.886,1.453,0.324,0.043,0.104,0.104,0,0.519,0.114,0.252,0.276,0.209,0.329,0.169,0.024,0.093,0.103,0.388,0.632,0.397,0.612,0,0.273,0.844,0.542,0.015,0.049,0.146,0.241,0.635,0.531,4.665,0.631,0.079,0.065,0.093,55.638,8.681,0.896,0.119,0.895,5.098,6.909,191.629,1.138,2.285,2.027,0.077,9.992,0.05,0.111,0.86,0.479,2.983,0.003,0,0.007,0.203,0.378,1.436
993,20070930,Financials,883,0.006934,0.019366,0.31,1.126,0.635,16.799,2.61,12.693,10.973,14.353,14.287,14.253,14.509,1.875,1.452,0.324,0.043,0.104,0.104,0,0.52,0.114,0.252,0.277,0.209,0.329,0.169,0.024,0.093,0.103,0.388,0.636,0.397,0.611,0,0.273,0.843,0.542,0.015,0.049,0.146,0.24,0.545,0.531,4.661,0.629,0.079,0.065,0.092,55.773,8.665,0.896,0.119,0.895,5.042,6.817,199.119,1.138,2.156,2.027,0.077,9.942,0.05,0.111,0.86,0.48,2.983,0.003,0,0.007,0.203,0.345,1.435
1003,20071031,Financials,879,-0.031371,-0.011325,0.31,1.096,0.64,16.348,2.74,12.687,10.602,14.014,13.978,13.816,14.133,1.801,1.403,0.324,0.043,0.105,0.105,0,0.52,0.115,0.252,0.277,0.209,0.353,0.169,0.024,0.093,0.104,0.388,0.637,0.396,0.61,0,0.273,0.843,0.542,0.015,0.05,0.147,0.24,0.545,0.531,4.634,0.627,0.079,0.065,0.092,55.773,8.632,0.896,0.12,0.895,5.042,6.817,191.629,1.112,2.054,1.942,0.077,9.942,0.05,0.111,0.858,0.48,2.983,0.003,0,0.007,0.202,0.282,1.392
1013,20071130,Financials,874,-0.059213,-0.06493,0.326,1.123,0.706,15.219,2.86,12.66,9.504,13.527,13.452,13.443,13.619,1.676,1.3,0.323,0.042,0.098,0.097,0,0.511,0.11,0.246,0.269,0.24,0.363,0.159,0.023,0.09,0.097,0.385,0.639,0.392,0.609,0,0.25,0.849,0.527,0.015,0.048,0.143,0.242,0.543,0.552,4.84,0.607,0.081,0.065,0.092,55.309,8.538,0.894,0.119,0.894,4.646,6.32,203.063,1.082,2.156,2.156,0.077,10.132,0.051,0.111,0.847,0.477,3.139,0.004,0,0.007,0.202,0.132,1.322
1023,20071231,Financials,873,-0.035331,-0.044898,0.326,1.078,0.702,14.489,2.99,12.635,9.074,13.09,12.934,12.922,13.058,1.591,1.251,0.323,0.042,0.098,0.098,0,0.511,0.11,0.246,0.269,0.18,0.359,0.159,0.023,0.09,0.098,0.381,0.639,0.392,0.61,0,0.25,0.849,0.475,0.015,0.048,0.143,0.241,0.562,0.534,4.857,0.604,0.081,0.065,0.092,55.144,8.538,0.895,0.12,0.894,4.594,6.314,176.684,1.072,2.052,2.024,0.077,10.118,0.051,0.111,0.845,0.479,3.139,0.004,0,0.007,0.202,-0.054,1.258
1033,20080131,Financials,874,0.005233,-0.006922,0.326,1.027,0.701,14.697,3.03,12.601,9.009,13.007,12.949,12.941,13.088,1.58,1.252,0.323,0.042,0.097,0.097,0,0.511,0.11,0.246,0.269,0.24,0.363,0.158,0.023,0.09,0.097,0.382,0.639,0.392,0.609,0,0.263,0.849,0.475,0.015,0.049,0.142,0.24,0.596,0.534,4.82,0.607,0.081,0.065,0.093,54.829,8.509,0.894,0.119,0.893,4.646,6.32,174.679,1.072,2.056,2.056,0.077,10.118,0.051,0.111,0.844,0.476,3.139,0.004,0,0.007,0.202,-0.059,1.226
1043,20080229,Financials,871,-0.052788,-0.100654,0.354,0.992,0.808,13.68,3.15,13.277,8.622,12.918,12.899,12.634,12.861,1.451,1.163,0.317,0.039,0.085,0.085,0,0.487,0.099,0.231,0.257,0.184,0.317,0.144,0.022,0.077,0.084,0.371,0.626,0.371,0.685,0,0.248,0.855,0.385,0.014,0.044,0.13,0.369,0.374,0.536,5.911,0.582,0.082,0.064,0.086,54.362,8.549,0.895,0.138,0.894,3.504,5.344,215.315,0.959,1.926,1.689,0.077,9.997,0.053,0.111,0.822,0.458,2.498,0.004,0,0.006,0.197,0.145,1.279
1053,20080331,Financials,871,-0.013218,-0.028919,0.347,1.026,0.809,13.973,3.12,13.197,8.587,13.242,13.242,12.977,13.181,1.462,1.154,0.316,0.039,0.085,0.085,0,0.487,0.099,0.231,0.257,0.173,0.317,0.144,0.022,0.077,0.084,0.37,0.629,0.37,0.685,0,0.25,0.855,0.348,0.014,0.045,0.13,0.37,0.362,0.536,5.869,0.577,0.082,0.064,0.086,54.362,8.491,0.894,0.138,0.894,3.504,5.156,208.399,0.959,1.814,1.665,0.078,9.969,0.053,0.111,0.821,0.454,2.421,0.004,0,0.006,0.197,0.018,1.271
1063,20080430,Financials,865,-0.00698,0.051719,0.346,0.985,0.81,13.762,3.15,13.188,8.539,13.066,13.049,12.777,13.009,1.403,1.147,0.317,0.039,0.085,0.085,0,0.488,0.099,0.231,0.257,0.173,0.246,0.144,0.022,0.077,0.084,0.37,0.629,0.37,0.687,0,0.25,0.854,0.316,0.014,0.045,0.13,0.37,0.362,0.551,5.882,0.577,0.082,0.064,0.086,54.503,8.536,0.895,0.139,0.894,3.569,5.255,208.153,0.889,1.689,1.636,0.078,10.007,0.053,0.111,0.822,0.456,2.356,0.004,0,0.006,0.197,-0.028,1.264
1073,20080531,Financials,865,-0.01424,-0.047961,0.37,1.001,0.863,13.646,3.21,13.109,8.45,12.665,12.669,12.8,12.821,1.39,1.115,0.316,0.039,0.081,0.082,0,0.482,0.094,0.225,0.248,0.154,0.2,0.135,0.021,0.077,0.081,0.409,0.613,0.422,0.659,0,0.303,0.861,0.242,0.014,0.045,0.123,0.245,0.374,0.571,5.616,0.689,0.077,0.063,0.102,54.186,8.56,0.895,0.135,0.894,3.167,4.345,210.684,0.88,1.71,1.664,0.075,9.805,0.055,0.109,0.831,0.455,2.715,0.004,0,0.006,0.197,-0.198,1.243
1083,20080630,Financials,858,-0.144055,-0.174456,0.368,0.833,0.869,11.571,3.66,13.123,7.154,10.874,10.886,10.937,11.03,1.193,0.967,0.317,0.039,0.081,0.081,0,0.482,0.094,0.225,0.248,0.157,0.255,0.133,0.021,0.077,0.081,0.405,0.617,0.419,0.658,0,0.303,0.861,0.258,0.013,0.046,0.123,0.247,0.383,0.59,5.579,0.678,0.077,0.063,0.101,54.255,8.545,0.895,0.134,0.894,3.144,4.354,211.471,0.88,1.808,1.664,0.075,9.915,0.055,0.109,0.831,0.455,2.839,0.004,0,0.006,0.197,-0.163,1.031
1093,20080731,Financials,851,0.041386,0.06704,0.363,0.906,0.867,12.392,3.38,13.195,7.447,11.343,11.356,11.391,11.565,1.233,0.979,0.317,0.039,0.081,0.081,0,0.482,0.094,0.226,0.249,0.159,0.275,0.135,0.021,0.077,0.081,0.404,0.618,0.418,0.657,0,0.309,0.862,0.25,0.014,0.045,0.123,0.249,0.384,0.581,5.574,0.675,0.077,0.062,0.101,54.186,8.515,0.895,0.134,0.893,3.25,4.575,211.471,0.869,1.759,1.604,0.075,9.999,0.054,0.109,0.831,0.458,2.63,0.004,0,0.006,0.197,-0.178,1.125
1103,20080831,Financials,850,0.035216,0.000743,0.399,1.026,1.011,12.776,3.25,13.187,7.305,12.462,12.449,12.445,12.523,1.311,1.036,0.318,0.037,0.068,0.069,0,0.473,0.083,0.213,0.238,0.152,0.165,0.12,0.019,0.069,0.067,0.413,0.607,0.429,0.68,0,0.27,0.865,0.291,0.014,0.044,0.115,0.246,0.408,0.508,5.863,0.704,0.075,0.062,0.109,54.439,8.598,0.896,0.141,0.894,3.081,4.81,227.537,0.881,1.886,1.792,0.072,9.601,0.053,0.105,0.813,0.427,2.978,0.006,0,0.006,0.197,-0.197,1.315
1113,20080930,Financials,845,-0.017329,-0.021815,0.401,1.034,1.01,12.44,3.12,13.198,7.221,12.302,12.245,12.348,12.701,1.287,1.011,0.318,0.037,0.069,0.069,0,0.473,0.083,0.213,0.239,0.152,0.165,0.12,0.02,0.069,0.068,0.413,0.607,0.429,0.681,0,0.274,0.864,0.291,0.014,0.044,0.115,0.248,0.414,0.51,5.877,0.704,0.076,0.062,0.109,54.408,8.598,0.896,0.141,0.894,2.953,4.806,224.639,0.869,1.899,1.874,0.072,9.616,0.053,0.105,0.813,0.427,2.722,0.006,0,0.006,0.198,-0.206,1.329
1123,20081031,Financials,841,-0.146016,-0.196514,0.397,0.836,1.012,10.909,3.61,13.198,6.424,10.815,10.804,10.927,11.097,1.09,0.877,0.318,0.037,0.069,0.069,0,0.475,0.083,0.213,0.239,0.143,0.16,0.12,0.019,0.069,0.068,0.413,0.607,0.43,0.681,0,0.239,0.864,0.329,0.014,0.044,0.115,0.248,0.458,0.502,5.888,0.704,0.076,0.062,0.109,54.408,8.601,0.896,0.141,0.894,3.007,4.698,226.81,0.893,2.196,1.899,0.072,9.601,0.053,0.104,0.812,0.427,2.716,0.006,0,0.006,0.198,-0.173,1.148
1133,20081130,Financials,837,-0.123823,-0.151261,0.415,0.725,0.948,9.869,3.92,13.38,5.336,9.74,9.771,9.761,9.832,1.014,0.805,0.317,0.034,0.043,0.044,0,0.458,0.063,0.192,0.213,0.134,0.189,0.092,0.017,0.055,0.044,0.425,0.593,0.442,0.71,0,0.225,0.865,0.245,0.013,0.045,0.1,0.243,0.478,0.465,6.115,0.738,0.072,0.062,0.112,54.238,8.75,0.897,0.149,0.896,2.078,3.161,209.067,0.826,2.113,1.922,0.069,9.076,0.054,0.1,0.774,0.402,2.86,0.008,0,0.006,0.198,-0.213,1.039
1143,20081231,Financials,835,-9.80E-05,-0.007594,0.415,0.8,0.946,9.816,3.84,13.46,5.241,9.775,9.775,9.91,10.032,0.998,0.81,0.316,0.035,0.043,0.044,0,0.458,0.063,0.192,0.213,0.136,0.182,0.092,0.017,0.055,0.044,0.424,0.595,0.432,0.708,0,0.224,0.865,0.261,0.013,0.045,0.1,0.244,0.48,0.467,6.103,0.732,0.073,0.062,0.111,54.238,8.74,0.897,0.149,0.896,2.084,3.242,209.067,0.8,2.104,1.899,0.069,9.219,0.054,0.1,0.774,0.403,2.864,0.008,0,0.006,0.198,-0.204,1.06
1153,20090131,Financials,829,-0.125158,-0.228808,0.415,0.615,0.954,8.219,4.41,13.58,4.462,8.416,8.356,8.585,8.667,0.857,0.699,0.316,0.035,0.045,0.045,0,0.458,0.064,0.192,0.213,0.136,0.236,0.093,0.017,0.056,0.046,0.423,0.598,0.427,0.703,0,0.223,0.864,0.261,0.014,0.045,0.1,0.244,0.48,0.467,6.126,0.723,0.072,0.062,0.11,54.137,8.728,0.897,0.148,0.896,2.131,3.264,208.972,0.853,2.104,1.899,0.069,9.374,0.054,0.1,0.774,0.405,2.882,0.008,0,0.006,0.198,-0.154,0.843
1163,20090228,Financials,821,-0.143516,-0.159701,0.466,0.608,1.187,7.791,4.62,12.66,3.932,7.115,7.09,7.367,7.447,0.783,0.619,0.301,0.03,0.026,0.025,0,0.421,0.036,0.156,0.186,0.136,0.275,0.051,0.014,0.042,0.027,0.418,0.552,0.416,0.714,0,0.208,0.885,0.307,0.014,0.046,0.075,0.327,0.504,0.527,5.707,0.74,0.073,0.06,0.1,55.234,8.609,0.897,0.149,0.895,1.053,2.18,244.17,0.908,1.948,1.56,0.067,8.143,0.058,0.097,0.73,0.382,3.208,0.011,0,0.007,0.22,-0.058,0.759
1173,20090331,Financials,818,0.137749,0.166081,0.466,0.675,1.182,8.196,4.12,12.613,4.187,7.664,7.664,7.979,8.049,0.849,0.666,0.301,0.03,0.027,0.026,0,0.422,0.038,0.157,0.186,0.135,0.232,0.052,0.014,0.043,0.027,0.416,0.552,0.415,0.713,0,0.211,0.886,0.292,0.014,0.046,0.075,0.324,0.465,0.537,5.691,0.741,0.073,0.06,0.101,55.395,8.596,0.897,0.15,0.895,1.058,2.225,242.254,0.921,1.889,1.541,0.067,8.143,0.058,0.097,0.73,0.381,3.246,0.011,0,0.007,0.22,-0.077,0.898
1183,20090430,Financials,814,0.152524,0.174839,0.463,0.731,1.187,9.046,3.49,12.613,4.646,8.515,8.49,8.741,8.828,0.935,0.742,0.301,0.03,0.027,0.026,0,0.422,0.038,0.158,0.186,0.135,0.232,0.052,0.014,0.043,0.027,0.413,0.552,0.413,0.712,0,0.211,0.885,0.292,0.014,0.046,0.075,0.325,0.465,0.537,5.719,0.733,0.073,0.06,0.101,54.922,8.586,0.896,0.15,0.895,1.048,2.09,240.427,0.896,1.889,1.541,0.067,8.153,0.058,0.097,0.73,0.381,3.155,0.011,0,0.007,0.22,-0.119,0.984
1193,20090531,Financials,811,0.069884,0.099971,0.522,0.479,1.471,9.203,3.14,12.053,4.967,7.608,7.647,8.539,8.583,0.961,0.774,0.301,0.029,0.019,0.019,0,0.412,0.028,0.146,0.172,0.112,0.159,0.037,0.013,0.036,0.019,0.442,0.563,0.452,0.706,0,0.23,0.882,0.345,0.014,0.048,0.065,0.227,0.477,0.525,5.08,0.79,0.068,0.057,0.114,55.319,8.751,0.897,0.148,0.896,0.887,1.894,264.03,0.792,1.726,1.511,0.063,6.937,0.061,0.093,0.71,0.369,2.905,0.012,0,0.007,0.22,-0.153,0.848
1203,20090630,Financials,811,-0.012174,-0.016355,0.524,0.534,1.458,9.379,3.11,12.138,4.941,7.691,7.691,8.683,8.714,0.962,0.794,0.301,0.03,0.019,0.02,0,0.413,0.028,0.146,0.172,0.111,0.159,0.037,0.013,0.037,0.019,0.44,0.563,0.449,0.706,0,0.236,0.878,0.344,0.014,0.048,0.065,0.229,0.434,0.517,5.138,0.787,0.068,0.057,0.113,55.035,8.751,0.897,0.146,0.896,0.887,1.643,262.436,0.834,1.751,1.519,0.063,6.953,0.06,0.093,0.71,0.369,2.928,0.012,0,0.007,0.22,-0.144,0.862
1213,20090731,Financials,808,0.048327,0.08486,0.524,0.558,1.455,9.755,2.81,12.175,5.174,7.78,7.815,9.409,9.481,1.018,0.846,0.301,0.03,0.019,0.02,0,0.413,0.028,0.147,0.173,0.112,0.159,0.037,0.013,0.037,0.02,0.44,0.564,0.448,0.704,0,0.236,0.879,0.345,0.014,0.048,0.065,0.228,0.477,0.508,5.139,0.787,0.068,0.057,0.114,54.913,8.751,0.896,0.147,0.895,0.889,1.622,262.232,0.918,1.776,1.526,0.063,6.969,0.06,0.093,0.709,0.369,3.047,0.012,0,0.007,0.22,-0.153,0.929
1223,20090831,Financials,804,0.054974,0.104219,0.579,0.613,1.282,10.505,2.76,11.715,5.024,3.955,3.655,7.607,7.67,1.106,0.842,0.302,0.028,0.002,0.005,0,0.398,0.007,0.134,0.162,0.106,0.168,0,0.012,0.034,0.005,0.441,0.558,0.442,0.685,0,0.23,0.891,0.322,0.014,0.053,0.044,0.218,0.393,0.502,4.279,0.791,0.067,0.057,0.11,55.569,8.67,0.897,0.141,0.895,0.892,1.818,273.048,0.895,1.99,1.645,0.061,5.614,0.062,0.092,0.686,0.365,2.822,0.013,0,0.007,0.22,-0.107,0.864
1233,20090930,Financials,803,-0.000289,0.014916,0.579,0.591,1.273,10.594,2.69,11.714,5.078,4.986,4.751,7.755,7.755,1.12,0.861,0.302,0.028,0.004,0.006,0,0.4,0.009,0.136,0.163,0.113,0.176,0.006,0.012,0.035,0.006,0.44,0.559,0.442,0.683,0,0.228,0.889,0.383,0.014,0.053,0.045,0.217,0.426,0.506,4.258,0.79,0.067,0.057,0.109,55.569,8.669,0.897,0.139,0.895,0.914,1.876,269.592,0.92,2.003,1.773,0.061,5.708,0.062,0.092,0.685,0.365,2.859,0.013,0,0.007,0.22,-0.107,0.952
1243,20091031,Financials,795,-0.071736,-0.061057,0.581,0.604,1.273,10.077,2.9,11.826,4.816,4.739,4.542,7.724,7.724,1.053,0.812,0.302,0.028,0.004,0.007,0,0.402,0.009,0.138,0.164,0.113,0.176,0.008,0.012,0.036,0.006,0.44,0.558,0.443,0.685,0,0.228,0.891,0.383,0.014,0.053,0.045,0.217,0.426,0.498,4.51,0.791,0.067,0.057,0.11,55.526,8.671,0.897,0.141,0.895,0.923,1.875,266.157,0.886,1.957,1.606,0.061,5.781,0.061,0.091,0.682,0.361,2.896,0.013,0,0.007,0.221,-0.093,0.893
1253,20091130,Financials,789,-0.018023,0.034472,0.534,0.305,1.199,10.092,2.8,11.34,4.626,5.121,5.192,7.346,7.376,1.087,0.769,0.3,0.029,0.012,0.015,0,0.409,0.022,0.145,0.174,0.123,0.161,0.023,0.013,0.038,0.014,0.435,0.557,0.44,0.656,0,0.239,0.906,0.386,0.014,0.059,0.058,0.206,0.491,0.505,4.13,0.785,0.067,0.056,0.105,55.814,8.391,0.894,0.135,0.892,1.544,2.661,258.25,0.977,1.97,1.847,0.06,5.154,0.059,0.092,0.682,0.361,2.726,0.014,0,0.007,0.222,-0.062,0.705
1263,20091231,Financials,787,0.027339,-0.012079,0.537,0.347,1.192,10.378,2.67,11.34,4.795,5.432,5.463,7.904,7.917,1.106,0.81,0.299,0.029,0.013,0.016,0,0.41,0.024,0.145,0.174,0.125,0.162,0.023,0.013,0.039,0.015,0.434,0.557,0.44,0.656,0,0.235,0.906,0.396,0.014,0.059,0.058,0.206,0.506,0.503,4.13,0.785,0.067,0.056,0.106,55.632,8.388,0.894,0.135,0.892,1.544,2.661,256.959,0.957,1.955,1.814,0.06,5.102,0.059,0.092,0.683,0.36,2.726,0.014,0,0.007,0.221,-0.054,0.845
1273,20100131,Financials,785,0.050111,0.002591,0.538,0.339,1.192,10.554,2.8,11.33,4.89,5.462,5.399,7.588,7.822,1.148,0.82,0.299,0.029,0.014,0.016,0,0.411,0.024,0.146,0.173,0.128,0.223,0.025,0.013,0.039,0.015,0.433,0.557,0.439,0.656,0,0.235,0.906,0.42,0.014,0.059,0.059,0.206,0.532,0.498,4.127,0.783,0.067,0.056,0.105,55.632,8.373,0.894,0.135,0.892,1.548,2.678,255.735,0.939,2.023,1.911,0.06,5.102,0.059,0.092,0.681,0.358,2.632,0.014,0,0.007,0.222,-0.049,0.776
1283,20100228,Financials,784,0.021844,0.033708,0.371,0.383,1.203,10.936,2.6,10.573,6.158,7.958,7.961,8.804,8.805,1.165,0.86,0.295,0.03,0.024,0.028,0,0.401,0.041,0.156,0.188,0.139,0.256,0.056,0.014,0.047,0.03,0.377,0.57,0.375,0.622,0,0.254,0.901,0.455,0.011,0.067,0.077,0.288,0.511,0.449,3.51,0.622,0.065,0.053,0.082,56.635,8.415,0.895,0.119,0.894,3.187,4.133,240.782,0.834,2.088,1.937,0.061,5.149,0.06,0.094,0.684,0.39,2.792,0.009,0,0.005,0.232,-0.009,1.014
1293,20100331,Financials,785,0.066257,0.086836,0.364,0.419,1.2,11.987,2.44,10.574,6.587,8.667,8.629,9.734,9.824,1.275,0.922,0.295,0.03,0.024,0.028,0,0.405,0.042,0.156,0.189,0.141,0.277,0.057,0.014,0.047,0.03,0.374,0.573,0.371,0.621,0,0.266,0.9,0.463,0.011,0.067,0.077,0.289,0.526,0.475,3.516,0.616,0.065,0.053,0.079,56.73,8.464,0.895,0.119,0.894,3.196,4.142,243.688,0.811,2.06,1.854,0.061,5.161,0.06,0.094,0.684,0.392,2.887,0.009,0,0.005,0.232,-0.012,1.095
1303,20100430,Financials,778,0.104965,0.020546,0.37,0.435,1.194,12.584,2.29,10.617,7.359,9.3,9.296,10.194,10.33,1.377,0.983,0.295,0.03,0.026,0.03,0,0.408,0.045,0.157,0.19,0.143,0.298,0.059,0.014,0.048,0.03,0.372,0.572,0.371,0.62,0,0.277,0.899,0.465,0.011,0.067,0.08,0.291,0.57,0.449,3.526,0.616,0.065,0.054,0.081,56.73,8.455,0.895,0.118,0.894,3.218,4.142,243.688,0.834,2.076,1.836,0.061,5.169,0.059,0.094,0.684,0.392,2.792,0.009,0,0.005,0.232,-0.02,1.172
1313,20100531,Financials,773,-0.081541,-0.093583,0.446,0.23,1.088,12.144,2.48,10.593,6.231,7.816,7.901,8.337,8.509,1.305,0.914,0.295,0.032,0.032,0.033,0,0.424,0.048,0.16,0.192,0.174,0.359,0.065,0.015,0.048,0.035,0.4,0.576,0.408,0.605,0,0.26,0.909,0.423,0.011,0.067,0.088,0.2,0.647,0.482,3.636,0.679,0.063,0.054,0.097,57.794,8.407,0.893,0.121,0.892,3.719,4.389,248.558,0.998,2.007,1.871,0.059,4.325,0.051,0.094,0.673,0.374,2.935,0.01,0,0.005,0.232,-0.021,1.099
1323,20100630,Financials,771,-0.082697,-0.0684,0.45,0.25,1.085,11.553,2.63,10.598,5.883,7.742,7.753,8.199,8.275,1.226,0.863,0.295,0.032,0.033,0.035,0,0.424,0.049,0.162,0.193,0.173,0.356,0.066,0.015,0.049,0.036,0.398,0.58,0.405,0.605,0,0.26,0.91,0.441,0.011,0.066,0.089,0.21,0.653,0.488,3.667,0.677,0.063,0.054,0.095,57.803,8.403,0.893,0.121,0.892,3.802,4.533,246.581,0.967,2.158,1.886,0.059,4.306,0.051,0.094,0.671,0.374,2.974,0.01,0,0.005,0.232,-0.019,1.023
1333,20100731,Financials,760,0.032495,0.065262,0.457,0.25,1.081,11.875,2.44,10.794,6.17,8.009,8.044,8.27,8.315,1.289,0.898,0.295,0.032,0.034,0.036,0,0.429,0.052,0.168,0.198,0.173,0.356,0.068,0.015,0.052,0.037,0.392,0.585,0.401,0.604,0,0.26,0.91,0.441,0.011,0.066,0.09,0.212,0.653,0.488,3.838,0.673,0.063,0.054,0.094,57.811,8.368,0.893,0.122,0.892,3.932,4.718,244.884,0.967,2.158,1.886,0.059,4.28,0.051,0.094,0.668,0.373,2.974,0.01,0,0.005,0.231,-0.025,1.036
1343,20100831,Financials,761,-0.073414,-0.087435,0.43,0.33,1.173,11.109,2.63,10.699,5.332,8.642,8.647,8.762,8.762,1.2,0.812,0.295,0.033,0.037,0.038,0,0.453,0.055,0.179,0.21,0.173,0.356,0.08,0.016,0.056,0.04,0.384,0.587,0.388,0.583,0,0.257,0.917,0.518,0.011,0.07,0.095,0.187,0.6,0.461,3.699,0.641,0.064,0.055,0.092,57.28,8.234,0.892,0.115,0.891,3.549,4.912,225.741,0.996,2.184,2.096,0.059,3.911,0.047,0.093,0.66,0.377,3.029,0.011,0,0.005,0.233,-0.012,1.044
1353,20100930,Financials,760,0.055611,0.066139,0.429,0.353,1.172,11.847,2.49,10.699,5.698,9.2,9.117,9.238,9.459,1.288,0.86,0.295,0.033,0.037,0.039,0,0.454,0.055,0.179,0.21,0.173,0.356,0.08,0.016,0.056,0.04,0.383,0.588,0.386,0.581,0,0.257,0.917,0.518,0.011,0.071,0.099,0.187,0.6,0.461,3.699,0.641,0.064,0.055,0.092,57.28,8.233,0.892,0.115,0.891,3.568,5.365,223.229,0.996,2.184,2.096,0.059,3.929,0.047,0.093,0.659,0.377,3.029,0.011,0,0.005,0.233,-0.011,1.163
1363,20101031,Financials,757,0.020839,0.014427,0.429,0.344,1.172,11.862,2.45,10.796,5.77,9.468,9.465,9.568,9.677,1.295,0.883,0.295,0.033,0.037,0.038,0,0.455,0.055,0.178,0.209,0.177,0.374,0.08,0.016,0.056,0.04,0.384,0.588,0.388,0.58,0,0.258,0.917,0.533,0.011,0.07,0.099,0.187,0.637,0.463,3.734,0.644,0.065,0.056,0.092,57.525,8.241,0.892,0.115,0.891,3.543,5.369,204.625,0.981,2.262,2.099,0.059,3.883,0.047,0.093,0.66,0.375,3.04,0.011,0,0.005,0.233,-0.016,1.174
1373,20101130,Financials,754,-0.004665,-0.005351,0.434,0.322,1.182,12.001,2.47,10.846,5.818,10.483,10.432,10.404,10.5,1.302,0.864,0.295,0.034,0.04,0.041,0,0.494,0.065,0.187,0.223,0.188,0.364,0.091,0.016,0.06,0.043,0.373,0.608,0.379,0.559,0,0.244,0.911,0.509,0.011,0.073,0.103,0.179,0.653,0.462,4.132,0.619,0.065,0.056,0.088,56.727,8.202,0.891,0.109,0.89,4.061,5.508,231.436,0.973,2.267,2.06,0.058,3.275,0.048,0.094,0.647,0.38,2.925,0.008,0,0.005,0.234,-0.003,1.246
1383,20101231,Financials,752,0.084829,0.118177,0.427,0.353,1.175,12.808,2.25,10.795,6.451,11.23,11.23,11.3,11.375,1.45,0.964,0.293,0.034,0.041,0.041,0,0.492,0.065,0.187,0.22,0.199,0.367,0.092,0.016,0.06,0.044,0.371,0.609,0.379,0.556,0,0.258,0.91,0.476,0.011,0.073,0.103,0.18,0.624,0.442,4.13,0.617,0.065,0.056,0.088,56.297,8.16,0.891,0.11,0.889,4.078,5.32,224.078,1.109,2.244,2.101,0.059,3.275,0.048,0.094,0.643,0.379,2.846,0.008,0,0.005,0.234,-0.003,1.335
1393,20110131,Financials,749,0.030893,0.020104,0.424,0.354,1.172,12.92,2.28,10.797,6.404,11.084,11.121,10.99,11.254,1.491,0.946,0.293,0.034,0.041,0.042,0,0.497,0.065,0.189,0.224,0.199,0.367,0.093,0.016,0.061,0.046,0.37,0.611,0.377,0.556,0,0.258,0.91,0.476,0.011,0.073,0.104,0.18,0.614,0.442,4.19,0.616,0.065,0.056,0.088,56.297,8.143,0.891,0.11,0.889,4.078,5.32,213.872,1.032,2.244,2.101,0.059,3.301,0.048,0.094,0.643,0.38,3.005,0.008,0,0.005,0.234,-0.003,1.298
1403,20110228,Financials,753,0.024825,0.023853,0.268,0.538,1.03,13.285,2.23,10.981,5.48,12.73,12.706,12.507,12.665,1.545,0.975,0.29,0.035,0.049,0.05,0,0.541,0.079,0.22,0.248,0.21,0.37,0.11,0.017,0.069,0.054,0.323,0.629,0.321,0.522,0,0.239,0.937,0.487,0.017,0.073,0.114,0.247,0.693,0.482,3.893,0.505,0.067,0.056,0.072,55.524,7.976,0.889,0.102,0.888,4.454,5.452,170.92,1.013,2.146,2.028,0.058,2.921,0.044,0.095,0.636,0.395,3.252,0.01,0,0.006,0.247,0.274,1.498
1413,20110331,Financials,752,-0.008491,-0.02242,0.264,0.562,1.028,13.26,2.26,10.992,5.536,12.566,12.532,12.412,12.517,1.589,0.979,0.291,0.035,0.049,0.05,0,0.542,0.079,0.222,0.251,0.21,0.37,0.11,0.017,0.069,0.053,0.322,0.629,0.321,0.525,0,0.239,0.938,0.487,0.017,0.073,0.115,0.247,0.693,0.482,3.921,0.505,0.067,0.056,0.072,55.443,7.971,0.889,0.103,0.887,4.405,5.452,166.65,1.013,2.241,2.038,0.058,2.929,0.043,0.095,0.635,0.394,3.252,0.01,0,0.006,0.246,0.291,1.512
1423,20110430,Financials,748,0.001529,-0.005584,0.249,0.557,1.032,13.273,2.24,10.988,5.551,12.839,12.76,12.507,12.614,1.589,0.987,0.291,0.035,0.05,0.05,0,0.542,0.079,0.22,0.251,0.21,0.37,0.11,0.017,0.069,0.054,0.322,0.63,0.321,0.524,0,0.228,0.938,0.487,0.017,0.073,0.115,0.243,0.693,0.482,3.923,0.503,0.067,0.056,0.072,55.443,7.971,0.889,0.102,0.887,4.36,5.486,170.92,1.013,2.241,2.038,0.059,2.921,0.044,0.095,0.635,0.394,3.252,0.01,0,0.006,0.245,0.281,1.495
1433,20110531,Financials,746,-0.024077,-0.034611,0.392,0.377,1.022,13.121,2.31,10.47,5.373,12.021,12.021,11.928,12.041,1.553,0.959,0.291,0.036,0.053,0.052,0,0.562,0.079,0.234,0.266,0.225,0.436,0.113,0.018,0.071,0.052,0.345,0.63,0.347,0.524,0,0.206,0.943,0.498,0.017,0.078,0.118,0.149,0.751,0.446,3.816,0.547,0.065,0.055,0.08,56.373,7.954,0.888,0.103,0.886,4.417,5.499,159.513,1.089,2.369,2.05,0.058,2.45,0.037,0.094,0.619,0.378,3.006,0.013,0,0.006,0.246,0.206,1.421
1443,20110630,Financials,741,-0.020731,-0.026676,0.391,0.383,1.023,12.929,2.39,10.516,5.201,11.997,11.997,11.775,11.889,1.512,0.941,0.291,0.036,0.053,0.052,0,0.566,0.081,0.236,0.267,0.225,0.436,0.116,0.018,0.071,0.054,0.346,0.63,0.347,0.524,0,0.206,0.943,0.495,0.017,0.077,0.119,0.151,0.744,0.446,3.858,0.549,0.065,0.055,0.081,56.425,7.954,0.888,0.103,0.886,4.358,5.514,159.513,1.089,2.276,2.046,0.058,2.476,0.037,0.094,0.619,0.379,3.006,0.013,0,0.006,0.245,0.172,1.426
1453,20110731,Financials,736,-0.021688,-0.04158,0.39,0.364,1.022,12.673,2.43,10.475,5.052,11.527,11.51,11.46,11.634,1.499,0.916,0.291,0.036,0.054,0.052,0,0.566,0.081,0.238,0.268,0.225,0.436,0.117,0.018,0.072,0.055,0.344,0.632,0.347,0.521,0,0.206,0.943,0.495,0.018,0.077,0.12,0.15,0.744,0.446,3.836,0.546,0.065,0.055,0.08,56.405,7.952,0.888,0.102,0.886,4.437,5.53,159.513,1.089,2.276,2.046,0.058,2.45,0.037,0.095,0.619,0.38,3.006,0.013,0,0.006,0.244,0.169,1.37
1463,20110831,Financials,734,-0.077069,-0.100838,0.382,0.304,1.092,11.985,2.67,10.316,4.864,11.123,11.139,11,11.123,1.398,0.828,0.291,0.037,0.054,0.054,0,0.596,0.085,0.254,0.286,0.237,0.446,0.12,0.019,0.076,0.056,0.327,0.647,0.327,0.499,0,0.202,0.942,0.49,0.018,0.078,0.128,0.165,0.782,0.471,3.675,0.493,0.064,0.055,0.075,56.488,7.713,0.885,0.097,0.883,4.093,5.74,162.47,1.01,2.248,2.102,0.058,2.258,0.032,0.094,0.616,0.384,3.042,0.012,0,0.006,0.245,0.124,1.239
1473,20110930,Financials,735,-0.083405,-0.11723,0.382,0.286,1.087,11.39,2.89,10.258,4.481,10.206,10.222,10.132,10.261,1.28,0.764,0.292,0.037,0.054,0.054,0,0.596,0.085,0.255,0.286,0.235,0.432,0.12,0.019,0.076,0.056,0.327,0.647,0.327,0.495,0,0.202,0.942,0.533,0.018,0.078,0.128,0.162,0.761,0.473,3.699,0.494,0.064,0.055,0.075,56.439,7.707,0.885,0.097,0.883,4.08,5.725,162.416,1.011,2.245,1.956,0.058,2.258,0.032,0.094,0.615,0.381,3.1,0.012,0,0.006,0.247,0.083,1.135
1483,20111031,Financials,732,0.087108,0.139519,0.382,0.312,1.086,12.262,2.61,10.316,4.972,11.2,11.281,11.295,11.352,1.404,0.82,0.292,0.036,0.054,0.054,0,0.596,0.085,0.255,0.287,0.235,0.414,0.12,0.019,0.076,0.056,0.327,0.647,0.329,0.499,0,0.202,0.941,0.533,0.018,0.078,0.127,0.162,0.761,0.473,3.724,0.494,0.064,0.055,0.075,56.308,7.713,0.885,0.097,0.883,4.08,5.756,162.416,1.011,2.245,1.956,0.058,2.26,0.032,0.094,0.614,0.381,3.1,0.012,0,0.006,0.247,0.091,1.288
1493,20111130,Financials,731,-0.013667,-0.041581,0.346,0.311,1.293,12.021,2.72,9.828,4.647,11.582,11.576,11.292,11.48,1.422,0.823,0.291,0.037,0.056,0.056,0,0.621,0.089,0.267,0.308,0.222,0.445,0.128,0.019,0.079,0.058,0.32,0.659,0.319,0.476,0,0.198,0.939,0.533,0.018,0.078,0.131,0.16,0.713,0.518,3.54,0.476,0.062,0.054,0.071,56.522,7.622,0.884,0.094,0.882,3.783,5.322,179.277,1.195,2.202,2.059,0.057,2.22,0.029,0.094,0.594,0.376,2.977,0.013,0,0.006,0.249,0.1,1.299
1503,20111231,Financials,729,0.013579,0.016259,0.347,0.336,1.292,12.242,2.73,9.814,4.762,11.837,11.796,11.527,11.699,1.45,0.853,0.291,0.037,0.056,0.056,0,0.623,0.088,0.267,0.308,0.22,0.422,0.126,0.019,0.079,0.058,0.322,0.659,0.319,0.477,0,0.193,0.939,0.559,0.018,0.078,0.131,0.163,0.716,0.519,3.54,0.477,0.063,0.055,0.071,56.522,7.64,0.884,0.094,0.882,3.837,5.401,169.201,1.132,2.202,2.068,0.056,2.237,0.029,0.093,0.593,0.374,2.974,0.013,0,0.006,0.249,0.097,1.317
1513,20120131,Financials,720,0.076886,0.080849,0.347,0.365,1.293,13.029,2.56,9.803,5.189,12.538,12.487,12.193,12.367,1.552,0.875,0.291,0.038,0.055,0.055,0,0.625,0.088,0.267,0.308,0.214,0.39,0.126,0.019,0.079,0.058,0.32,0.661,0.319,0.477,0,0.184,0.938,0.564,0.018,0.078,0.132,0.166,0.72,0.518,3.527,0.477,0.063,0.054,0.07,56.289,7.615,0.884,0.093,0.882,3.889,5.038,165.096,1.195,2.203,2.077,0.056,2.227,0.029,0.093,0.593,0.373,2.974,0.012,0,0.006,0.249,0.091,1.457
1523,20120229,Financials,716,0.0438,0.058723,0.229,0.388,1.187,13.999,2.45,9.443,5.671,12.926,12.949,12.856,12.984,1.595,0.898,0.282,0.037,0.057,0.058,0,0.642,0.096,0.281,0.317,0.203,0.448,0.131,0.02,0.082,0.061,0.276,0.681,0.275,0.452,0,0.264,0.932,0.582,0.019,0.075,0.141,0.241,0.787,0.517,3.482,0.405,0.065,0.055,0.062,56.802,7.453,0.882,0.088,0.881,3.403,4.736,156.88,0.874,2.035,1.97,0.056,1.713,0.026,0.094,0.574,0.365,3.288,0.011,0,0.006,0.269,0.309,1.534
1533,20120331,Financials,715,0.064553,0.072905,0.229,0.413,1.187,14.47,2.38,9.435,6.056,13.526,13.552,13.575,13.733,1.702,0.947,0.282,0.037,0.057,0.058,0,0.642,0.096,0.281,0.317,0.204,0.449,0.131,0.02,0.082,0.062,0.276,0.68,0.276,0.454,0,0.263,0.932,0.545,0.019,0.075,0.141,0.244,0.806,0.531,3.466,0.409,0.065,0.055,0.061,56.802,7.471,0.882,0.087,0.881,3.449,4.795,156.88,0.881,2.085,1.984,0.056,1.714,0.026,0.093,0.574,0.365,3.285,0.011,0,0.006,0.269,0.462,1.649
1543,20120430,Financials,714,0.002254,-0.026081,0.227,0.424,1.186,14.429,2.42,9.435,5.969,13.36,13.381,13.369,13.571,1.694,0.953,0.281,0.037,0.057,0.059,0,0.642,0.096,0.282,0.321,0.204,0.42,0.132,0.02,0.082,0.062,0.276,0.679,0.276,0.454,0,0.259,0.932,0.545,0.019,0.075,0.141,0.246,0.806,0.558,3.466,0.405,0.065,0.055,0.06,56.85,7.454,0.882,0.087,0.881,3.386,4.706,156.88,0.92,2.085,1.984,0.056,1.714,0.026,0.093,0.574,0.365,3.285,0.011,0,0.006,0.269,0.452,1.569
1553,20120531,Financials,714,-0.038113,-0.094589,0.328,0.352,1.057,14.099,2.64,9.492,6.018,12.101,12.009,12.124,12.196,1.674,0.916,0.281,0.038,0.06,0.062,0,0.664,0.105,0.298,0.332,0.223,0.43,0.143,0.02,0.085,0.063,0.305,0.679,0.304,0.448,0,0.211,0.925,0.553,0.019,0.077,0.147,0.146,0.826,0.54,3.381,0.448,0.063,0.054,0.068,57.308,7.39,0.883,0.086,0.88,3.405,4.537,172.464,1.11,2.213,2.114,0.055,1.799,0.026,0.094,0.572,0.365,3.228,0.008,0,0.006,0.269,0.363,1.427
1563,20120630,Financials,712,0.033487,0.047869,0.33,0.367,1.057,14.197,2.56,9.484,6.225,12.667,12.52,12.559,12.634,1.751,0.947,0.281,0.038,0.06,0.061,0,0.664,0.105,0.298,0.333,0.224,0.411,0.144,0.02,0.085,0.063,0.304,0.679,0.303,0.449,0,0.214,0.926,0.562,0.019,0.078,0.147,0.149,0.918,0.532,3.41,0.444,0.063,0.053,0.068,57.372,7.382,0.882,0.086,0.88,3.304,4.57,175.594,1.115,2.24,2.144,0.055,1.805,0.026,0.094,0.568,0.365,3.207,0.008,0,0.006,0.269,0.347,1.511
1573,20120731,Financials,709,0.001755,-0.005805,0.331,0.381,1.057,14.397,2.57,9.478,6.243,12.556,12.431,12.555,12.577,1.789,0.952,0.281,0.038,0.06,0.061,0,0.664,0.106,0.299,0.335,0.224,0.411,0.144,0.02,0.085,0.063,0.303,0.682,0.302,0.448,0,0.214,0.926,0.562,0.019,0.077,0.148,0.153,0.918,0.532,3.396,0.443,0.063,0.053,0.068,57.842,7.382,0.882,0.086,0.88,3.405,4.644,159.156,1.115,2.24,2.144,0.055,1.799,0.026,0.094,0.568,0.365,3.207,0.008,0,0.007,0.269,0.318,1.525
1583,20120831,Financials,702,0.03458,0.039908,0.318,0.321,1.069,15.113,2.58,9.289,6.402,12.503,12.511,12.515,12.577,1.854,0.962,0.282,0.039,0.063,0.064,0,0.688,0.113,0.306,0.346,0.223,0.412,0.158,0.021,0.087,0.066,0.292,0.692,0.294,0.445,0,0.249,0.921,0.599,0.019,0.078,0.156,0.158,0.925,0.517,3.406,0.421,0.063,0.052,0.067,57.387,7.327,0.88,0.083,0.878,3.714,4.787,163.375,1.14,2.301,2.194,0.055,1.572,0.025,0.094,0.554,0.359,3.369,0.008,0,0.007,0.27,0.246,1.59
1593,20120930,Financials,700,0.038443,0.038729,0.316,0.336,1.056,15.606,2.55,9.284,6.635,12.99,13.048,12.919,13.059,1.942,0.996,0.283,0.039,0.064,0.065,0,0.69,0.113,0.306,0.346,0.216,0.403,0.159,0.021,0.087,0.067,0.294,0.689,0.294,0.446,0,0.241,0.919,0.597,0.019,0.078,0.156,0.156,0.914,0.513,3.43,0.426,0.062,0.052,0.066,57.462,7.388,0.881,0.083,0.879,3.751,4.764,178.372,1.131,2.267,2.131,0.055,1.57,0.024,0.094,0.554,0.36,3.369,0.008,0,0.006,0.27,0.253,1.632
1603,20121031,Financials,696,0.012307,0.019752,0.316,0.341,1.057,15.581,2.55,9.269,6.571,12.938,12.947,12.883,12.953,1.93,0.998,0.283,0.039,0.065,0.065,0,0.691,0.114,0.307,0.348,0.216,0.403,0.16,0.021,0.088,0.067,0.292,0.692,0.294,0.445,0,0.241,0.919,0.597,0.019,0.078,0.157,0.152,0.914,0.513,3.406,0.421,0.062,0.052,0.065,57.462,7.375,0.881,0.083,0.879,3.787,4.787,184.158,1.131,2.267,2.131,0.055,1.57,0.024,0.094,0.554,0.361,3.369,0.008,0,0.006,0.27,0.262,1.56
1613,20121130,Financials,696,-0.003246,-0.008491,0.29,0.342,1.021,15.285,2.6,9.366,6.549,12.089,12.117,11.753,11.857,1.862,0.964,0.284,0.04,0.071,0.07,0,0.708,0.124,0.322,0.356,0.203,0.421,0.173,0.022,0.091,0.071,0.289,0.689,0.291,0.439,0,0.238,0.922,0.54,0.019,0.073,0.165,0.151,0.67,0.485,3.316,0.425,0.061,0.05,0.065,58.719,7.334,0.88,0.082,0.878,3.992,5.293,184.971,0.966,2.306,2.243,0.055,1.359,0.023,0.094,0.544,0.357,3.406,0.007,0,0.006,0.27,0.218,1.499
1623,20121231,Financials,696,0.026829,0.046226,0.287,0.355,1.017,15.105,2.57,9.31,6.692,12.32,12.32,12.133,12.238,1.905,0.985,0.285,0.04,0.071,0.07,0,0.707,0.123,0.323,0.356,0.219,0.402,0.175,0.022,0.091,0.071,0.288,0.689,0.291,0.437,0,0.245,0.922,0.514,0.019,0.073,0.165,0.146,0.662,0.476,3.284,0.425,0.061,0.05,0.066,58.244,7.317,0.88,0.082,0.877,3.992,5.293,189.108,0.928,2.275,2.205,0.055,1.371,0.023,0.094,0.544,0.357,3.406,0.007,0,0.006,0.27,0.249,1.57
1633,20130131,Financials,699,0.08209,0.067655,0.286,0.369,1.014,16.03,2.41,9.283,7.148,13.118,13.125,12.698,12.795,2.047,1.036,0.285,0.04,0.071,0.07,0,0.708,0.125,0.322,0.356,0.219,0.402,0.177,0.022,0.091,0.071,0.289,0.689,0.291,0.437,0,0.245,0.921,0.514,0.019,0.073,0.165,0.147,0.662,0.476,3.22,0.424,0.061,0.051,0.066,57.737,7.315,0.88,0.082,0.877,4.047,5.466,197.282,0.928,2.275,2.205,0.055,1.372,0.023,0.094,0.544,0.36,3.406,0.007,0,0.006,0.27,0.277,1.681
1643,20130228,Financials,698,0.02858,0.014066,0.231,0.413,1.02,16.119,2.39,9.41,6.984,13.55,13.52,13.368,13.497,2.073,1.039,0.289,0.04,0.073,0.072,0,0.734,0.131,0.337,0.374,0.201,0.394,0.182,0.022,0.095,0.075,0.262,0.7,0.262,0.426,0,0.223,0.922,0.613,0.017,0.076,0.175,0.243,0.857,0.485,3.234,0.359,0.062,0.052,0.055,57.897,7.205,0.878,0.081,0.875,4.066,5.528,207.217,1.02,2.158,2.142,0.054,1.182,0.02,0.094,0.525,0.357,2.946,0.007,0,0.006,0.29,0.516,1.695
1653,20130331,Financials,698,0.041519,0.042856,0.228,0.425,1.023,16.861,2.3,9.437,7.244,13.936,13.924,13.77,13.957,2.117,1.07,0.289,0.04,0.073,0.072,0,0.734,0.13,0.335,0.373,0.188,0.374,0.18,0.022,0.095,0.074,0.262,0.699,0.262,0.426,0,0.223,0.922,0.613,0.017,0.076,0.175,0.242,0.857,0.479,3.234,0.359,0.062,0.052,0.055,57.78,7.205,0.878,0.082,0.875,4.058,5.499,207.217,0.933,2.128,2.111,0.054,1.169,0.02,0.094,0.525,0.357,2.956,0.007,0,0.006,0.29,0.63,1.784
1663,20130430,Financials,693,-0.001132,0.0153,0.228,0.417,1.023,16.841,2.35,9.403,7.241,13.831,13.828,13.55,13.729,2.097,1.062,0.289,0.04,0.073,0.072,0,0.731,0.131,0.336,0.374,0.195,0.362,0.181,0.022,0.094,0.075,0.262,0.7,0.262,0.426,0,0.225,0.922,0.589,0.017,0.076,0.175,0.242,0.712,0.482,3.258,0.359,0.062,0.052,0.055,58.273,7.217,0.878,0.082,0.875,4.058,5.499,202.248,0.912,1.969,1.953,0.054,1.181,0.02,0.094,0.525,0.357,2.956,0.007,0,0.006,0.289,0.619,1.738
1673,20130531,Financials,690,0.037843,0.073794,0.326,0.463,0.945,17.116,2.28,9.331,7.341,13.69,13.671,13.333,13.508,2.178,1.078,0.289,0.041,0.075,0.074,0,0.752,0.132,0.348,0.384,0.211,0.383,0.184,0.022,0.098,0.077,0.283,0.699,0.284,0.422,0,0.239,0.926,0.55,0.017,0.074,0.176,0.138,0.696,0.466,3.248,0.411,0.06,0.049,0.063,57.376,7.174,0.877,0.08,0.876,4.474,6.253,200.715,1.026,2.11,2.11,0.054,1.211,0.016,0.091,0.524,0.353,3.218,0.008,0,0.006,0.289,0.444,1.751
1683,20130630,Financials,688,0.009599,-0.011677,0.323,0.472,0.944,17.593,2.29,9.318,7.553,14.022,13.889,13.7,13.828,2.225,1.09,0.288,0.041,0.075,0.075,0,0.752,0.133,0.348,0.385,0.202,0.369,0.185,0.022,0.098,0.077,0.283,0.699,0.283,0.423,0,0.251,0.926,0.563,0.017,0.074,0.176,0.139,0.694,0.467,3.248,0.411,0.06,0.049,0.063,57.223,7.212,0.877,0.08,0.876,4.474,6.175,200.715,1.042,2.118,2.118,0.054,1.211,0.016,0.091,0.524,0.353,3.205,0.008,0,0.006,0.289,0.451,1.759
1693,20130731,Financials,690,0.071902,0.065825,0.315,0.495,0.944,18.442,2.19,9.292,8.132,14.958,14.918,14.644,14.861,2.37,1.184,0.288,0.041,0.075,0.075,0,0.749,0.135,0.349,0.386,0.19,0.355,0.186,0.022,0.098,0.078,0.282,0.697,0.283,0.423,0,0.238,0.926,0.584,0.016,0.074,0.177,0.141,0.692,0.469,3.248,0.407,0.06,0.049,0.062,57.394,7.246,0.878,0.08,0.876,4.583,6.183,207.921,1.058,2.126,2.126,0.053,1.234,0.017,0.091,0.524,0.353,3.145,0.008,0,0.006,0.289,0.452,1.833
1703,20130831,Financials,693,-0.030076,-0.047796,0.322,0.46,0.895,17.971,2.27,9.346,7.515,13.797,13.832,13.336,13.528,2.257,1.138,0.287,0.041,0.078,0.077,0,0.768,0.142,0.356,0.395,0.164,0.343,0.193,0.023,0.103,0.08,0.271,0.703,0.274,0.418,0,0.231,0.93,0.533,0.017,0.072,0.183,0.16,0.702,0.473,3.082,0.382,0.058,0.048,0.059,55.893,7.222,0.877,0.079,0.875,4.712,6.343,219.463,1.053,2.213,2.213,0.053,1.177,0.014,0.089,0.512,0.351,3.045,0.008,0,0.006,0.29,0.338,1.681
1713,20130930,Financials,691,0.039526,0.029269,0.322,0.471,0.893,18.606,2.2,9.346,7.829,14.461,14.477,13.979,14.158,2.341,1.188,0.287,0.041,0.078,0.077,0,0.769,0.143,0.356,0.396,0.164,0.343,0.196,0.023,0.103,0.08,0.27,0.706,0.274,0.419,0,0.231,0.93,0.533,0.017,0.072,0.183,0.16,0.702,0.473,3.085,0.38,0.058,0.048,0.059,56.326,7.174,0.877,0.079,0.875,4.712,6.343,219.463,1.053,2.213,2.213,0.053,1.176,0.014,0.089,0.512,0.351,3.045,0.008,0,0.006,0.29,0.368,1.761
1723,20131031,Financials,693,0.02878,0.0353,0.322,0.487,0.893,19.208,2.14,9.346,8.149,14.9,14.9,14.43,14.599,2.394,1.208,0.287,0.041,0.078,0.077,0,0.768,0.143,0.356,0.395,0.164,0.343,0.196,0.023,0.103,0.08,0.27,0.706,0.274,0.42,0,0.231,0.93,0.533,0.017,0.072,0.183,0.162,0.702,0.473,3.085,0.38,0.058,0.048,0.059,56.326,7.151,0.877,0.079,0.875,4.712,6.343,219.463,1.053,2.213,2.213,0.053,1.177,0.014,0.089,0.512,0.35,3.045,0.008,0,0.006,0.289,0.351,1.912
1733,20131130,Financials,691,0.045617,0.056619,0.306,0.542,0.866,19.969,2.03,9.702,7.303,15.196,15.166,14.793,14.977,2.493,1.237,0.288,0.041,0.08,0.079,0,0.781,0.145,0.36,0.402,0.172,0.3,0.202,0.023,0.104,0.083,0.283,0.706,0.283,0.411,0,0.216,0.937,0.55,0.017,0.071,0.189,0.156,0.697,0.519,3.076,0.404,0.056,0.049,0.06,56.477,7.204,0.878,0.08,0.875,4.744,6.372,201.696,1.085,2.197,2.194,0.052,1.18,0.01,0.087,0.507,0.346,2.766,0.01,0,0.006,0.29,0.398,1.84
1743,20131231,Financials,692,0.015351,0.023285,0.306,0.555,0.862,20.141,2.07,9.674,7.361,15.358,15.208,14.825,15.136,2.557,1.259,0.288,0.041,0.08,0.079,0,0.781,0.145,0.361,0.402,0.172,0.3,0.203,0.023,0.104,0.083,0.283,0.706,0.283,0.413,0,0.212,0.937,0.633,0.017,0.071,0.189,0.156,0.726,0.519,3.091,0.404,0.057,0.049,0.06,56.58,7.204,0.878,0.08,0.875,4.714,6.329,198.975,1.085,2.175,2.152,0.052,1.162,0.01,0.087,0.509,0.346,2.773,0.01,0,0.006,0.29,0.383,1.859
1753,20140131,Financials,694,-0.02374,-0.043752,0.305,0.544,0.863,18.949,2.19,9.674,7.227,14.754,14.667,14.198,14.472,2.465,1.205,0.288,0.041,0.08,0.079,0,0.78,0.144,0.36,0.402,0.172,0.3,0.202,0.023,0.104,0.083,0.283,0.705,0.283,0.414,0,0.214,0.937,0.701,0.017,0.071,0.187,0.155,0.73,0.507,3.091,0.404,0.057,0.049,0.061,56.539,7.216,0.878,0.081,0.875,4.667,6.279,215.12,1.018,2.171,2.132,0.052,1.17,0.01,0.087,0.51,0.347,2.781,0.01,0,0.006,0.29,0.345,1.78
1763,20140228,Financials,692,0.031389,0.030474,0.229,0.586,0.809,18.65,2.11,11.046,7.151,15.068,15.09,14.751,14.872,2.536,1.199,0.298,0.041,0.081,0.08,0,0.801,0.145,0.365,0.404,0.164,0.276,0.205,0.022,0.104,0.083,0.252,0.71,0.252,0.435,0,0.231,0.934,0.589,0.02,0.068,0.197,0.244,0.588,0.55,3.225,0.347,0.058,0.049,0.056,55.983,7.208,0.878,0.087,0.875,4.612,6.128,225.978,1.056,2.152,1.996,0.051,1.093,0.009,0.085,0.492,0.337,2.616,0.009,0,0.008,0.312,0.798,1.756
1773,20140331,Financials,694,0.017298,0.030185,0.229,0.631,0.808,19.099,2.11,11.049,7.32,15.328,15.345,15.061,15.253,2.593,1.219,0.298,0.041,0.081,0.08,0,0.801,0.145,0.365,0.404,0.15,0.274,0.204,0.022,0.103,0.083,0.252,0.71,0.252,0.437,0,0.233,0.933,0.637,0.02,0.067,0.197,0.242,0.616,0.547,3.227,0.347,0.057,0.048,0.056,55.961,7.208,0.878,0.087,0.875,4.535,6.106,226.542,0.94,2.099,1.893,0.051,1.093,0.009,0.085,0.492,0.337,2.647,0.009,0,0.008,0.311,0.772,1.794
1783,20140430,Financials,695,-0.026931,-0.029384,0.228,0.612,0.808,18.299,2.18,11.029,7.185,14.879,14.949,14.546,14.727,2.542,1.198,0.298,0.041,0.081,0.08,0,0.801,0.145,0.364,0.404,0.15,0.274,0.203,0.022,0.103,0.083,0.25,0.711,0.251,0.436,0,0.232,0.932,0.637,0.02,0.067,0.197,0.246,0.616,0.547,3.226,0.343,0.057,0.048,0.056,55.961,7.191,0.877,0.086,0.875,4.687,6.117,227.106,0.94,2.099,1.893,0.051,1.093,0.009,0.086,0.491,0.337,2.647,0.009,0,0.008,0.311,0.733,1.685
1793,20140531,Financials,694,0.004184,0.009261,0.29,0.652,0.838,18.983,2.18,10.413,7.836,14.68,14.661,14.172,14.425,2.554,1.173,0.298,0.041,0.083,0.082,0,0.802,0.145,0.367,0.404,0.155,0.329,0.207,0.022,0.103,0.084,0.288,0.701,0.288,0.43,0,0.218,0.928,0.439,0.02,0.066,0.197,0.141,0.721,0.506,3.128,0.41,0.054,0.047,0.065,56.492,7.194,0.878,0.085,0.875,4.458,6.158,213.93,1.237,2.044,1.917,0.051,1.273,0.009,0.086,0.495,0.339,2.894,0.008,0,0.007,0.311,0.654,1.625
1803,20140630,Financials,697,0.032865,0.032653,0.291,0.679,0.831,19.45,2.17,10.375,8.166,15.123,15.123,14.681,14.858,2.636,1.216,0.297,0.041,0.083,0.082,0,0.801,0.146,0.367,0.405,0.155,0.347,0.207,0.023,0.104,0.085,0.286,0.701,0.287,0.426,0,0.218,0.93,0.439,0.02,0.067,0.197,0.144,0.73,0.506,3.11,0.405,0.054,0.047,0.065,56.771,7.162,0.877,0.085,0.875,4.498,6.158,213.93,1.237,2.017,1.906,0.051,1.284,0.009,0.086,0.496,0.338,3.092,0.008,0,0.007,0.31,0.695,1.682
1813,20140731,Financials,698,-0.02548,-0.02274,0.289,0.66,0.829,18.678,2.22,10.407,7.858,14.568,14.553,14.073,14.291,2.534,1.179,0.298,0.041,0.084,0.082,0,0.803,0.146,0.368,0.405,0.158,0.356,0.209,0.023,0.104,0.086,0.286,0.701,0.287,0.426,0,0.211,0.928,0.441,0.02,0.068,0.198,0.143,0.727,0.49,3.11,0.405,0.053,0.046,0.065,56.771,7.177,0.877,0.084,0.875,4.549,6.219,210.813,1.264,2.03,1.911,0.051,1.291,0.009,0.086,0.494,0.338,2.914,0.008,0,0.007,0.31,0.608,1.617
1823,20140831,Financials,695,0.032988,0.041351,0.292,0.752,0.845,19.135,2.17,10.718,8.883,15.015,14.929,14.368,14.583,2.62,1.167,0.298,0.041,0.084,0.082,0,0.808,0.146,0.368,0.412,0.171,0.377,0.213,0.023,0.102,0.084,0.273,0.709,0.274,0.425,0,0.234,0.922,0.485,0.02,0.067,0.197,0.162,0.762,0.497,3.194,0.384,0.053,0.047,0.062,57.765,7.196,0.877,0.086,0.875,4.621,6.367,213.669,1.175,2.151,1.95,0.05,1.298,0.009,0.083,0.481,0.333,2.815,0.006,0,0.007,0.311,0.573,1.566
1833,20140930,Financials,701,-0.023921,-0.004781,0.291,0.726,0.843,18.622,2.24,10.681,8.62,14.439,14.298,13.828,14.037,2.581,1.156,0.298,0.041,0.083,0.082,0,0.806,0.146,0.366,0.411,0.178,0.373,0.213,0.023,0.102,0.084,0.275,0.707,0.275,0.426,0,0.238,0.922,0.493,0.02,0.067,0.197,0.164,0.766,0.497,3.182,0.389,0.053,0.047,0.062,57.405,7.205,0.878,0.086,0.875,4.623,6.371,208.369,1.154,2.13,1.969,0.05,1.292,0.009,0.083,0.483,0.335,2.826,0.006,0,0.007,0.31,0.531,1.521
1843,20141031,Financials,700,0.047371,0.028498,0.292,0.778,0.844,20.039,2.09,10.696,9.31,15.324,15.302,14.835,14.94,2.703,1.231,0.299,0.041,0.084,0.082,0,0.806,0.147,0.367,0.412,0.178,0.373,0.214,0.023,0.102,0.084,0.279,0.707,0.276,0.435,0,0.239,0.921,0.526,0.02,0.066,0.198,0.164,0.773,0.473,3.209,0.399,0.053,0.047,0.064,57.242,7.204,0.878,0.087,0.875,4.662,6.395,203.07,1.001,2.104,1.887,0.05,1.295,0.01,0.082,0.485,0.335,2.997,0.006,0,0.007,0.31,0.558,1.622
1853,20141130,Financials,699,-0.000933,0.016504,0.294,0.767,0.883,19.173,2.13,10.665,9.579,15.1,15.029,14.668,14.851,2.644,1.175,0.297,0.041,0.084,0.083,0,0.812,0.152,0.375,0.415,0.161,0.359,0.22,0.023,0.103,0.084,0.288,0.701,0.284,0.433,0,0.228,0.913,0.524,0.02,0.066,0.201,0.162,0.735,0.481,3.257,0.418,0.054,0.048,0.066,57.948,7.16,0.877,0.087,0.875,4.859,6.288,217.513,0.959,2.062,1.899,0.05,1.294,0.011,0.082,0.479,0.333,3.115,0.004,0,0.007,0.309,0.463,1.623
1863,20141231,Financials,705,0.028612,0.019671,0.293,0.787,0.883,19.966,2.1,10.599,9.907,15.723,15.663,15.051,15.272,2.739,1.214,0.297,0.041,0.084,0.083,0,0.811,0.152,0.376,0.416,0.161,0.359,0.22,0.023,0.104,0.084,0.289,0.699,0.286,0.433,0,0.228,0.913,0.524,0.02,0.067,0.2,0.16,0.735,0.481,3.247,0.42,0.054,0.048,0.066,58.042,7.175,0.877,0.087,0.875,4.859,6.26,217.513,0.959,2.062,1.866,0.05,1.264,0.011,0.082,0.479,0.333,3.115,0.004,0,0.007,0.308,0.486,1.636
1873,20150131,Financials,707,-0.051816,-0.082591,0.292,0.752,0.881,18.664,2.3,10.581,9.26,14.788,14.758,14.205,14.396,2.569,1.153,0.297,0.041,0.085,0.083,0,0.812,0.152,0.375,0.416,0.162,0.377,0.22,0.023,0.104,0.085,0.287,0.701,0.283,0.432,0,0.234,0.913,0.574,0.02,0.067,0.2,0.167,0.741,0.488,3.237,0.416,0.054,0.048,0.066,58.042,7.183,0.877,0.087,0.875,4.87,6.274,217.513,0.965,2.078,2.035,0.05,1.276,0.011,0.082,0.48,0.335,3.115,0.004,0,0.007,0.31,0.456,1.488
1883,20150228,Financials,704,0.047309,0.073627,0.263,0.791,0.841,18.555,2.19,11.302,9.953,15.145,15.145,14.741,14.948,2.647,1.154,0.297,0.04,0.081,0.08,0,0.818,0.156,0.382,0.422,0.16,0.369,0.221,0.023,0.102,0.082,0.235,0.735,0.235,0.467,0,0.228,0.91,0.585,0.014,0.061,0.205,0.3,0.733,0.46,3.534,0.304,0.055,0.046,0.055,58.963,7.047,0.875,0.09,0.872,4.603,6.152,209.919,1.015,2.097,1.96,0.051,1.252,0.012,0.082,0.456,0.328,3.069,0.004,0,0.007,0.314,0.752,1.588
1893,20150331,Financials,702,0.021406,-0.001055,0.258,0.832,0.841,18.976,2.19,11.229,10.205,15.534,15.473,15.122,15.285,2.689,1.183,0.298,0.04,0.081,0.08,0,0.817,0.156,0.382,0.422,0.182,0.384,0.222,0.023,0.102,0.082,0.235,0.734,0.237,0.467,0,0.235,0.911,0.585,0.014,0.061,0.205,0.299,0.733,0.46,3.532,0.306,0.055,0.046,0.056,59.273,7.084,0.875,0.091,0.873,4.626,6.152,213.571,0.949,1.973,1.815,0.051,1.246,0.011,0.082,0.456,0.328,3.098,0.004,0,0.007,0.314,0.781,1.649
1903,20150430,Financials,701,0.001455,0.009342,0.257,0.809,0.841,19.123,2.22,11.222,10.175,15.545,15.531,15.17,15.339,2.693,1.193,0.297,0.04,0.082,0.08,0,0.818,0.157,0.382,0.421,0.182,0.384,0.222,0.023,0.102,0.082,0.235,0.735,0.236,0.467,0,0.235,0.913,0.585,0.014,0.061,0.205,0.302,0.733,0.46,3.53,0.305,0.055,0.046,0.056,59.252,7.052,0.875,0.092,0.873,4.619,6.094,213.723,0.949,1.973,1.815,0.051,1.245,0.012,0.082,0.456,0.328,3.098,0.004,0,0.007,0.314,0.75,1.646
1913,20150531,Financials,706,0.008025,0.021368,0.295,0.856,0.85,19.244,2.26,10.436,10.332,15.032,15.003,14.573,14.798,2.674,1.177,0.299,0.041,0.082,0.081,0,0.819,0.158,0.387,0.425,0.161,0.389,0.225,0.023,0.103,0.082,0.285,0.715,0.285,0.445,0,0.254,0.904,0.581,0.014,0.066,0.207,0.147,0.783,0.458,3.345,0.398,0.051,0.045,0.07,58.82,7.096,0.876,0.09,0.873,4.6,6.008,219.241,1.13,2.146,2.086,0.05,1.197,0.012,0.08,0.47,0.33,3.231,0.003,0,0.008,0.314,0.658,1.688
1923,20150630,Financials,705,0.026193,0.011181,0.295,0.885,0.85,19.994,2.22,10.433,10.626,15.873,15.781,15.25,15.378,2.762,1.213,0.299,0.041,0.082,0.081,0,0.819,0.158,0.388,0.425,0.161,0.389,0.225,0.023,0.103,0.083,0.285,0.714,0.285,0.445,0,0.254,0.904,0.581,0.014,0.066,0.207,0.147,0.783,0.458,3.345,0.399,0.051,0.045,0.07,58.995,7.094,0.876,0.09,0.873,4.6,6.01,223.705,1.13,2.146,2.086,0.05,1.195,0.012,0.08,0.47,0.329,3.231,0.003,0,0.008,0.314,0.665,1.753
1933,20150731,Financials,699,0.000117,0.021163,0.297,0.899,0.851,20.116,2.18,10.439,10.739,15.823,15.771,15.258,15.532,2.793,1.218,0.299,0.041,0.082,0.081,0,0.818,0.158,0.388,0.425,0.161,0.389,0.226,0.023,0.102,0.083,0.285,0.715,0.285,0.445,0,0.254,0.904,0.581,0.014,0.066,0.208,0.147,0.783,0.458,3.345,0.398,0.051,0.045,0.07,58.567,7.082,0.875,0.09,0.872,4.613,6.062,220.126,1.13,2.146,2.086,0.05,1.187,0.012,0.081,0.469,0.327,3.231,0.003,0,0.007,0.314,0.649,1.73
1943,20150831,Financials,698,-0.03382,-0.069096,0.297,0.904,0.829,18.844,2.3,10.498,9.708,14.952,14.938,14.581,14.723,2.67,1.169,0.299,0.041,0.084,0.082,0,0.822,0.165,0.392,0.426,0.165,0.397,0.235,0.023,0.104,0.085,0.278,0.72,0.278,0.45,0,0.249,0.912,0.699,0.014,0.065,0.214,0.152,0.783,0.456,3.354,0.39,0.05,0.045,0.071,58.584,7.048,0.875,0.09,0.873,4.368,6.112,214.199,1.175,2.02,2.02,0.05,1.222,0.012,0.08,0.464,0.329,3.563,0.004,0,0.007,0.314,0.532,1.609
1953,20150930,Financials,703,-0.006676,-0.034711,0.291,0.892,0.827,18.646,2.31,10.48,9.859,14.904,14.88,14.426,14.61,2.679,1.18,0.298,0.041,0.084,0.082,0,0.822,0.165,0.391,0.426,0.187,0.393,0.234,0.023,0.104,0.085,0.278,0.72,0.278,0.447,0,0.241,0.912,0.692,0.014,0.066,0.213,0.152,0.753,0.466,3.315,0.39,0.05,0.045,0.07,58.065,7.048,0.875,0.09,0.873,4.368,6.112,212.501,1.056,2.205,2.092,0.05,1.234,0.012,0.08,0.465,0.329,3.345,0.004,0,0.007,0.314,0.528,1.588
1963,20151031,Financials,701,0.040574,0.057009,0.292,0.935,0.829,19.365,2.24,10.485,10.236,15.385,15.33,15.007,15.141,2.752,1.215,0.299,0.041,0.084,0.082,0,0.822,0.165,0.391,0.426,0.187,0.393,0.234,0.023,0.104,0.085,0.281,0.719,0.28,0.45,0,0.241,0.911,0.692,0.014,0.066,0.212,0.152,0.753,0.466,3.336,0.395,0.05,0.045,0.07,57.753,7.048,0.875,0.09,0.873,4.318,6.096,207.643,1.056,2.205,2.092,0.05,1.222,0.012,0.08,0.465,0.329,3.345,0.004,0,0.007,0.314,0.523,1.687
1973,20151130,Financials,702,0.035194,0.028587,0.303,1.043,0.859,19.665,2.18,10.476,10.679,16.198,16.218,15.756,15.976,2.784,1.247,0.301,0.041,0.082,0.081,0,0.821,0.166,0.393,0.43,0.207,0.396,0.234,0.023,0.103,0.084,0.273,0.719,0.281,0.457,0,0.241,0.909,0.702,0.014,0.063,0.216,0.145,0.765,0.502,3.354,0.383,0.05,0.046,0.069,56.958,6.99,0.875,0.091,0.872,4.147,6,198.987,1.158,2.165,2.075,0.05,1.185,0.011,0.079,0.46,0.328,2.916,0.004,0,0.007,0.314,0.422,1.769
1983,20151231,Financials,702,-0.032806,-0.037444,0.301,0.979,0.858,18.852,2.31,10.478,10.274,15.421,15.449,15.064,15.244,2.734,1.223,0.302,0.041,0.083,0.082,0,0.821,0.166,0.393,0.43,0.207,0.396,0.234,0.023,0.103,0.084,0.273,0.719,0.281,0.457,0,0.241,0.909,0.702,0.014,0.063,0.216,0.146,0.765,0.502,3.354,0.383,0.05,0.046,0.068,56.969,7.004,0.875,0.091,0.872,4.168,6.025,191.622,1.158,2.165,2.075,0.05,1.169,0.011,0.079,0.461,0.329,3.076,0.004,0,0.007,0.314,0.423,1.691
1993,20160131,Financials,700,-0.071212,-0.102229,0.302,0.888,0.857,17.642,2.54,10.464,9.882,14.621,14.621,14.029,14.22,2.557,1.165,0.302,0.041,0.083,0.082,0,0.821,0.167,0.394,0.431,0.207,0.396,0.239,0.023,0.103,0.085,0.272,0.72,0.277,0.454,0,0.239,0.909,0.711,0.014,0.063,0.217,0.149,0.727,0.494,3.351,0.378,0.05,0.046,0.067,57.301,7.004,0.875,0.091,0.872,4.168,6.025,195.304,1.083,2.128,2.067,0.049,1.185,0.011,0.079,0.461,0.33,3.076,0.004,0,0.007,0.314,0.386,1.563
2003,20160229,Financials,698,-0.012251,-0.033191,0.278,0.942,0.83,16.568,2.62,11.091,9.461,14.101,14.101,13.81,13.954,2.508,1.112,0.311,0.039,0.081,0.08,0,0.818,0.164,0.388,0.429,0.178,0.394,0.24,0.023,0.099,0.082,0.245,0.734,0.247,0.478,0,0.24,0.91,0.528,0.014,0.06,0.211,0.342,0.628,0.504,3.68,0.328,0.051,0.045,0.052,57.273,7.064,0.877,0.093,0.874,3.784,5.623,196.915,0.886,2.149,2.135,0.05,1.259,0.011,0.081,0.454,0.33,3.633,0.004,0,0.007,0.312,0.842,1.517
2013,20160331,Financials,692,0.059752,0.068752,0.279,1.003,0.832,17.457,2.52,11.105,9.862,14.855,14.917,14.441,14.523,2.59,1.168,0.312,0.039,0.081,0.08,0,0.818,0.164,0.388,0.429,0.178,0.394,0.24,0.023,0.099,0.082,0.244,0.734,0.244,0.48,0,0.24,0.908,0.528,0.014,0.061,0.211,0.346,0.628,0.504,3.691,0.325,0.052,0.045,0.052,57.273,7.058,0.877,0.093,0.873,3.784,5.623,194.897,0.886,2.149,2.135,0.05,1.263,0.011,0.081,0.452,0.329,3.299,0.004,0,0.007,0.313,0.913,1.638
2023,20160430,Financials,692,0.040029,0.045361,0.278,1.038,0.831,17.973,2.37,11.089,10.225,15.499,15.523,15.06,15.159,2.718,1.212,0.312,0.039,0.081,0.08,0,0.819,0.164,0.388,0.429,0.185,0.399,0.24,0.023,0.099,0.082,0.243,0.734,0.245,0.478,0,0.228,0.909,0.571,0.014,0.061,0.211,0.346,0.67,0.49,3.686,0.326,0.052,0.045,0.052,57.273,7.061,0.877,0.093,0.874,3.784,5.623,196.915,0.886,2.135,1.837,0.05,1.261,0.011,0.081,0.452,0.33,3.466,0.004,0,0.007,0.313,0.855,1.7
2033,20160531,Financials,687,0.019429,0.023169,0.316,1.052,0.872,18.503,2.32,10.664,9.788,15.313,15.304,14.888,15.158,2.679,1.191,0.312,0.041,0.082,0.082,0,0.814,0.16,0.387,0.429,0.208,0.438,0.236,0.023,0.1,0.083,0.283,0.711,0.289,0.457,0,0.219,0.915,0.545,0.014,0.062,0.207,0.152,0.748,0.484,3.434,0.39,0.051,0.045,0.072,57.502,7.069,0.876,0.088,0.874,3.621,5.34,181.614,0.978,2.085,2.03,0.05,1.33,0.01,0.079,0.467,0.327,4.018,0.005,0,0.007,0.312,0.825,1.59
2043,20160630,Financials,684,-0.02289,-0.056345,0.316,1.015,0.874,18.149,2.4,10.671,9.51,14.931,14.929,14.615,14.73,2.669,1.156,0.311,0.041,0.082,0.082,0,0.813,0.161,0.387,0.43,0.208,0.438,0.237,0.023,0.1,0.083,0.283,0.712,0.289,0.457,0,0.219,0.915,0.545,0.014,0.062,0.208,0.157,0.748,0.497,3.434,0.389,0.051,0.045,0.072,57.521,7.053,0.875,0.088,0.874,3.633,5.392,181.614,0.978,2.085,2.03,0.05,1.339,0.01,0.079,0.467,0.326,4.018,0.005,0,0.007,0.312,0.755,1.46
2053,20160731,Financials,680,0.044416,0.042407,0.319,1.066,0.876,18.695,2.32,10.636,9.829,15.555,15.555,15.117,15.271,2.739,1.207,0.312,0.041,0.082,0.082,0,0.813,0.16,0.387,0.429,0.208,0.438,0.235,0.023,0.1,0.083,0.283,0.712,0.289,0.453,0,0.219,0.915,0.545,0.014,0.062,0.207,0.158,0.748,0.497,3.414,0.389,0.051,0.045,0.071,57.341,7.053,0.875,0.088,0.874,3.633,5.392,174.238,0.978,2.085,2.03,0.05,1.343,0.01,0.08,0.467,0.327,4.018,0.005,0,0.007,0.311,0.7,1.553
2063,20160831,Financials,676,0.045568,0.056323,0.318,1.115,0.879,19.312,2.26,10.723,10.017,15.898,15.897,15.576,15.583,2.78,1.237,0.312,0.041,0.083,0.082,0,0.809,0.161,0.384,0.427,0.19,0.383,0.234,0.023,0.098,0.084,0.295,0.705,0.298,0.461,0,0.235,0.913,0.686,0.015,0.061,0.21,0.164,0.736,0.486,3.382,0.416,0.051,0.045,0.072,57.437,7.043,0.876,0.09,0.874,3.811,5.431,187.599,0.944,2.144,1.921,0.05,1.431,0.011,0.079,0.465,0.324,3.623,0.005,0,0.007,0.31,0.647,1.651
2073,20160930,Financials,636,0.004014,-0.023988,0.327,1.138,0.891,19.131,2.25,10.583,10.139,15.926,15.926,15.495,15.573,2.822,1.229,0.313,0.04,0.084,0.083,0,0.82,0.165,0.388,0.429,0.248,0.482,0.235,0.023,0.099,0.084,0.285,0.716,0.293,0.457,0,0.218,0.914,0.444,0.014,0.058,0.211,0.175,0.641,0.53,3.36,0.407,0.052,0.044,0.068,60.011,7.278,0.879,0.085,0.877,3.871,5.675,195.997,1.289,2.348,2.288,0.049,1.416,0.01,0.076,0.464,0.325,3.068,0.005,0,0.008,0.316,0.641,1.669
2084,20161031,Financials,635,-0.004936,0.01743,0.327,1.106,0.889,19.156,2.26,10.563,9.975,15.894,15.894,15.549,15.665,2.808,1.231,0.313,0.04,0.084,0.083,0,0.82,0.165,0.389,0.429,0.248,0.482,0.236,0.023,0.1,0.084,0.283,0.719,0.285,0.457,0,0.218,0.913,0.444,0.014,0.058,0.212,0.176,0.641,0.53,3.343,0.4,0.052,0.044,0.068,59.979,7.278,0.879,0.085,0.877,3.871,5.675,198.842,1.289,2.334,2.288,0.049,1.422,0.01,0.076,0.465,0.326,3.068,0.004,0,0.008,0.315,0.605,1.712
2095,20161130,Financials,635,0.133402,0.145443,0.331,1.231,0.826,21.503,1.96,10.473,11.9,17.706,17.692,17.383,17.564,3.1,1.384,0.313,0.04,0.083,0.083,0,0.82,0.166,0.39,0.43,0.24,0.406,0.239,0.023,0.1,0.084,0.296,0.715,0.307,0.459,0,0.228,0.911,0.53,0.014,0.059,0.212,0.176,0.619,0.577,3.465,0.416,0.051,0.045,0.068,60.565,7.315,0.88,0.087,0.878,4.146,5.431,204.888,1.062,2.253,2.235,0.048,1.48,0.012,0.076,0.461,0.329,2.609,0.004,0,0.008,0.316,0.559,1.881
2106,20161231,Financials,636,0.070486,0.043628,0.331,1.338,0.826,22.835,1.86,10.424,12.966,19.249,19.249,18.94,19.195,3.358,1.484,0.313,0.04,0.083,0.083,0,0.82,0.165,0.391,0.431,0.256,0.407,0.239,0.023,0.101,0.084,0.295,0.716,0.304,0.455,0,0.241,0.911,0.549,0.014,0.059,0.212,0.181,0.629,0.567,3.439,0.415,0.051,0.045,0.067,60.423,7.312,0.88,0.087,0.878,4.189,5.444,201.631,1.035,2.244,2.212,0.048,1.489,0.012,0.076,0.463,0.329,2.895,0.004,0,0.008,0.316,0.623,1.969
2117,20170131,Financials,631,,,0.33,1.292,0.825,22.881,1.88,10.395,12.808,18.74,18.729,18.412,18.727,3.39,1.482,0.314,0.04,0.083,0.083,0,0.821,0.166,0.391,0.431,0.256,0.407,0.239,0.023,0.101,0.084,0.296,0.717,0.304,0.458,0,0.241,0.91,0.481,0.014,0.059,0.213,0.179,0.629,0.567,3.439,0.416,0.051,0.045,0.067,60.408,7.315,0.88,0.087,0.878,4.194,5.411,201.427,1.035,2.244,2.244,0.048,1.48,0.012,0.076,0.461,0.329,2.895,0.004,0,0.008,0.316,0.507,1.973
